"ano","Janeiro","Fevereiro","Março","Abril","Maio","Junho","Julho","Agosto","Setembro","Outubro","Novembro","Dezembro","UF"
"2003",2142,1866,2385,2343,2323,2184,2199,2171,2231,2143,1985,1951," Rondônia"
"2004",2177,2078,2190,2107,2250,2150,2139,2097,2096,2001,2084,1899," Rondônia"
"2005",2059,2162,2477,2361,2371,2227,2153,2220,2173,2118,2021,1876," Rondônia"
"2006",1999,1924,2275,2264,2376,2195,1921,1955,2196,2194,2124,1975," Rondônia"
"2007",2331,2141,2417,2210,2232,2065,2108,2038,2001,2011,1848,1669," Rondônia"
"2008",2024,1874,2295,2096,2144,2070,2071,2118,2132,2105,1962,2086," Rondônia"
"2009",2222,2077,2379,2258,1961,1949,2048,2080,2137,2088,1821,1827," Rondônia"
"2010",1910,1764,2195,1994,2227,2069,2177,2075,2099,2209,2021,2023," Rondônia"
"2011",2098,2019,2351,2299,2117,1966,1919,2042,1942,2021,1996,1918," Rondônia"
"2012",2121,2126,2258,2185,2218,2190,2157,2001,1993,2270,2175,2141," Rondônia"
"2013",2244,2059,2160,2316,2345,2091,2022,1977,2089,2047,2108,2137," Rondônia"
"2014",2279,2093,2306,2307,2398,2227,2398,2248,2270,2372,2309,2114," Rondônia"
"2015",2224,2095,2348,2386,2149,1941,2068,2348,2414,2334,2269,2345," Rondônia"
"2016",2161,2111,2295,2303,2306,2233,2147,2082,2308,2174,2041,2112," Rondônia"
"2017",2115,2070,2452,2383,2487,2457,2297,2318,2299,2389,2317,2216," Rondônia"
"2003",1295,1111,1306,1306,1367,1190,1143,1110,1025,957,888,811," Acre"
"2004",1314,1220,1275,1311,1341,1218,1219,1101,1036,1016,946,791," Acre"
"2005",1255,1226,1562,1433,1506,1341,1183,1257,1211,1178,1006,840," Acre"
"2006",1200,1168,1314,1381,1448,1285,1185,1192,1144,1133,1021,970," Acre"
"2007",1366,1379,1464,1315,1306,1246,1227,1228,1138,1011,944,895," Acre"
"2008",1252,1329,1416,1399,1416,1312,1221,1244,1226,1123,1057,1078," Acre"
"2009",1315,1260,1425,1317,1331,1217,1166,1139,1163,1104,989,914," Acre"
"2010",1224,1108,1266,1342,1251,1167,1157,1109,1035,810,848,874," Acre"
"2011",1263,1197,1335,1315,1502,1278,1247,1214,1146,1193,1048,991," Acre"
"2012",1362,1188,1392,1256,1287,1219,1229,1099,1202,1223,1155,1063," Acre"
"2013",1296,1204,1323,1219,1348,1193,1285,1286,1285,1297,1114,1093," Acre"
"2014",1340,1236,1345,1289,1469,1268,1383,1328,1274,1285,1230,1270," Acre"
"2015",1322,1299,1484,1387,1433,1328,1262,1251,1195,1223,1273,1151," Acre"
"2016",1222,1313,1271,1342,1283,1210,1219,1203,1277,1173,1064,1034," Acre"
"2017",1288,1202,1450,1335,1455,1297,1323,1242,1281,1286,1203,1168," Acre"
"2003",4686,4071,4782,4436,4310,3919,4074,3951,3983,3543,3402,3007," Amazonas"
"2004",4847,4476,4701,4032,4306,3868,3825,3990,3958,3656,3372,2960," Amazonas"
"2005",5479,4799,5688,5034,5243,4781,4586,4406,4365,3960,3776,3760," Amazonas"
"2006",5291,4600,5003,4890,4623,4509,4239,4487,4603,4700,3826,3422," Amazonas"
"2007",5561,5082,5651,4940,4917,4885,4805,4916,4818,4642,4086,3975," Amazonas"
"2008",4986,4654,5264,5341,5501,5009,5126,5190,5433,5129,4580,4698," Amazonas"
"2009",5753,5098,5868,5300,5124,5158,5175,5272,5748,5375,4859,4650," Amazonas"
"2010",5875,5413,5799,5495,5175,4787,4721,4818,5259,5117,4660,4194," Amazonas"
"2011",5469,4950,5589,5602,5695,5434,5482,5606,5495,5645,5433,5162," Amazonas"
"2012",6306,5941,5965,5660,5804,5527,5497,5941,5668,5651,5158,5245," Amazonas"
"2013",6228,5647,6196,5995,6150,5772,5908,5792,6072,5971,5611,5371," Amazonas"
"2014",6379,5754,6505,6190,6509,6183,6230,6322,6303,6351,5949,5894," Amazonas"
"2015",6575,5836,6303,6224,6273,5908,6141,6190,6233,6143,5787,5739," Amazonas"
"2016",6472,5898,6163,5856,5953,5664,5849,6016,5905,5763,5534,5593," Amazonas"
"2017",6181,5632,6210,5968,6255,6115,5953,6003,6177,6260,5718,5486," Amazonas"
"2003",665,618,584,602,653,586,607,610,595,583,542,430," Roraima"
"2004",693,642,724,679,680,593,617,618,663,717,630,613," Roraima"
"2005",716,604,667,689,692,575,549,568,514,472,439,426," Roraima"
"2006",684,630,707,599,675,623,570,617,638,600,592,544," Roraima"
"2007",757,686,752,657,657,657,635,661,687,702,630,597," Roraima"
"2008",746,680,721,683,726,771,723,689,802,739,679,641," Roraima"
"2009",816,652,886,711,708,668,683,719,728,746,624,542," Roraima"
"2010",746,652,755,700,666,676,711,699,718,763,631,612," Roraima"
"2011",785,642,697,731,750,681,713,676,745,755,716,747," Roraima"
"2012",816,703,766,723,786,640,710,701,680,737,769,702," Roraima"
"2013",836,739,847,792,791,800,729,702,718,802,750,687," Roraima"
"2014",817,762,815,780,880,773,764,774,827,806,831,685," Roraima"
"2015",838,734,793,768,806,771,774,727,798,825,716,677," Roraima"
"2016",864,804,815,739,803,749,760,834,862,854,751,756," Roraima"
"2017",878,814,884,822,835,821,726,847,879,816,838,811," Roraima"
"2003",10012,8806,10101,9470,10055,9204,9422,8840,8629,8080,7199,6618," Pará"
"2004",10025,8994,9871,9794,9762,9161,9083,8612,8459,7857,7376,6815," Pará"
"2005",10286,9055,10999,10795,10922,10237,9738,9726,9599,8965,7892,7418," Pará"
"2006",10597,9222,10855,10454,10512,10144,9950,9872,9638,9564,8467,7919," Pará"
"2007",11518,9852,10886,10434,10615,10149,10306,10009,9608,9125,8260,8067," Pará"
"2008",10727,9590,10788,10868,10795,10221,10177,9860,10081,9933,8825,8611," Pará"
"2009",10999,9431,10907,10592,10176,9881,9803,9729,9903,9457,8746,8420," Pará"
"2010",10905,9676,11007,10364,10471,9919,9915,9757,10071,9609,8411,7762," Pará"
"2011",10476,9458,10901,10627,11092,10675,10511,10564,10284,10370,9870,9173," Pará"
"2012",11221,9837,10922,10686,10846,10045,10257,10374,10211,10281,9579,9402," Pará"
"2013",10883,9760,10920,11241,11460,10645,10810,10495,10956,10771,9515,9117," Pará"
"2014",10634,10040,11133,11461,11543,10657,11429,11006,11323,10881,10203,10156," Pará"
"2015",11677,10398,11390,11440,11428,11016,10949,10952,11139,11050,10306,9799," Pará"
"2016",11181,10304,10853,11038,11016,10654,10516,10635,10515,10194,9284,9238," Pará"
"2017",10465,9263,11179,10644,11247,10829,10764,10859,10795,10533,9925,9421," Pará"
"2003",1160,955,1089,1045,1007,976,1028,1022,964,885,875,793," Amapá"
"2004",986,906,946,948,962,893,962,1018,985,919,881,762," Amapá"
"2005",1012,850,840,841,953,1021,1001,1074,1021,1002,894,791," Amapá"
"2006",1159,1014,1126,1101,1166,1052,1154,1059,945,1069,956,786," Amapá"
"2007",1105,890,976,859,925,1088,1048,1045,1102,1094,995,992," Amapá"
"2008",1146,1033,1134,1164,1191,1107,1093,1194,1159,1144,1084,1042," Amapá"
"2009",1281,1145,1168,1130,1132,1048,1101,1152,1193,1124,1061,1049," Amapá"
"2010",1270,1104,1241,1189,1093,1132,1193,1146,1271,1151,1008,959," Amapá"
"2011",1159,1067,1079,912,1137,1118,1214,1161,1149,1243,1126,1036," Amapá"
"2012",1258,1142,1172,1135,1204,1039,1141,1175,1051,972,843,897," Amapá"
"2013",1258,1091,1183,1175,1152,1117,1140,1192,1193,1267,1160,1085," Amapá"
"2014",1271,1073,1219,1232,1200,1147,1159,1217,1283,1212,1164,1085," Amapá"
"2015",1300,1149,1269,1196,1215,1200,1196,1157,1268,1258,1096,1042," Amapá"
"2016",1240,1166,1266,1142,1144,1241,1206,1203,1243,1142,1098,1041," Amapá"
"2017",1220,1024,1224,1134,1298,1132,1244,1174,1253,1212,1214,1091," Amapá"
"2003",1831,1690,1939,1943,2075,1790,1762,1623,1695,1443,1414,1246," Tocantins"
"2004",1788,1701,1990,1960,1884,1761,1699,1724,1600,1538,1498,1224," Tocantins"
"2005",1858,1785,2161,2234,2332,2116,2017,1960,1940,1796,1510,1470," Tocantins"
"2006",1845,1762,2265,2188,2314,2009,2019,1851,1961,1797,1621,1608," Tocantins"
"2007",1960,1766,2124,2159,2142,1986,1887,1966,1756,1755,1497,1496," Tocantins"
"2008",1899,1823,2069,2135,2144,2017,1996,2058,1994,1947,1698,1756," Tocantins"
"2009",1952,1796,2153,2184,2191,1937,1858,1870,1920,1786,1739,1699," Tocantins"
"2010",1921,1745,2159,2150,2013,1890,1980,1978,2010,1881,1694,1534," Tocantins"
"2011",1920,1800,2112,2210,2411,2123,1848,2030,1904,1764,1877,1767," Tocantins"
"2012",1883,1779,2043,2158,2058,2003,1989,2003,1886,1973,1866,1732," Tocantins"
"2013",1834,1748,2019,2196,2191,2080,1941,1964,2024,1882,1715,1684," Tocantins"
"2014",1859,1838,2069,2168,2113,2013,2142,2092,2167,2014,1888,1889," Tocantins"
"2015",2010,1803,2195,2155,2216,2034,2021,2029,2129,1947,1879,1882," Tocantins"
"2016",1835,1885,2096,2126,2165,2033,1952,1913,1858,1697,1516,1289," Tocantins"
"2017",1773,1825,2195,2200,2188,2104,2057,2144,2055,2090,1885,1862," Tocantins"
"2003",9710,8415,9445,8921,9367,8946,8885,8751,8401,7747,6897,6208," Maranhão"
"2004",9128,8258,8626,9096,9092,8459,8269,8265,8298,7575,6497,5968," Maranhão"
"2005",9632,8383,9843,10246,10619,9697,9743,9756,9211,8932,7494,7037," Maranhão"
"2006",9715,8557,9760,9628,9900,9370,9357,9078,8830,8743,7878,7233," Maranhão"
"2007",10123,8480,9484,9317,9736,8863,9165,9010,8771,8144,7494,6981," Maranhão"
"2008",9295,8310,8997,9511,9815,9204,9212,9338,9027,8566,7671,7472," Maranhão"
"2009",9763,8237,9147,8574,8912,8204,8199,8308,8459,7985,7033,6342," Maranhão"
"2010",9374,8349,9207,9069,9338,8756,9016,9151,9374,8876,7377,6773," Maranhão"
"2011",8918,8176,9325,9321,9756,9003,9167,8822,9142,8762,8073,7415," Maranhão"
"2012",9304,7977,8622,8467,8815,8184,9084,8441,8381,8705,7805,7425," Maranhão"
"2013",8535,7765,8725,8755,9271,8546,8358,8958,9311,8876,7898,7499," Maranhão"
"2014",8472,7911,8587,9424,9315,8479,9081,9422,9732,9461,8785,8239," Maranhão"
"2015",9226,7687,8925,9163,9751,9033,9349,9039,9734,9372,8409,7921," Maranhão"
"2016",8896,8360,9208,9418,9689,9091,9173,9114,8913,8537,7514,7229," Maranhão"
"2017",8039,7216,8860,9272,9828,9371,9523,9514,9554,9533,8727,8576," Maranhão"
"2003",4168,3539,3984,3922,3933,3649,3509,3292,3130,3044,2736,2511," Piauí"
"2004",3983,3805,4207,4296,4248,3799,3585,3629,3463,3267,2817,2584," Piauí"
"2005",4121,3778,4444,4393,4542,4178,3974,3944,3869,3698,3094,2762," Piauí"
"2006",3863,3602,4460,4178,4257,4048,3741,3518,3768,3571,3078,3125," Piauí"
"2007",4073,3548,4330,4153,4131,3981,3877,3414,3709,3412,3092,3186," Piauí"
"2008",4116,3517,4202,3943,3888,3978,3752,3569,3858,3575,3073,3316," Piauí"
"2009",3963,3489,4374,3946,3781,3914,3559,3189,3669,3156,3212,2994," Piauí"
"2010",3812,3220,4068,3994,4026,3816,3876,3714,3917,3839,3175,3070," Piauí"
"2011",3844,3578,4214,4127,4347,4139,3890,3671,3855,3684,3524,3349," Piauí"
"2012",3976,3670,3917,4018,3987,3700,3890,3796,3815,3674,3515,3469," Piauí"
"2013",3645,3313,3753,3844,4169,3864,3882,3606,3941,3665,3247,3228," Piauí"
"2014",3598,3491,3828,4071,4088,3689,3883,3836,4216,3842,3750,3658," Piauí"
"2015",3869,3620,4111,4136,4135,3970,3928,3923,4260,3999,3633,3507," Piauí"
"2016",3808,3698,4135,4077,4210,3943,3870,3696,3780,3564,3329,3314," Piauí"
"2017",3659,3360,4014,4068,4469,4086,3896,3869,3971,4014,3758,3729," Piauí"
"2003",11088,10002,11320,10878,11338,10523,10729,10081,9696,9204,8534,8293," Ceará"
"2004",10814,9855,11208,11119,11126,10313,10217,9975,9819,9363,8943,8462," Ceará"
"2005",10799,9898,11986,11653,11906,11120,10888,10925,10945,10479,9279,8824," Ceará"
"2006",10058,9696,11855,11388,11800,11235,11021,10773,10187,9861,9209,8977," Ceará"
"2007",10609,9612,11550,10874,11586,10736,10699,10765,10173,9808,9165,9154," Ceará"
"2008",10509,9853,11265,11339,11666,10584,11010,10449,10303,9958,8968,9597," Ceará"
"2009",11163,9962,11749,11279,10821,10319,9919,9849,9960,9796,9472,9468," Ceará"
"2010",10732,9765,11427,10901,11018,10360,10923,10364,10245,9653,8795,8464," Ceará"
"2011",9652,9230,10857,10802,11755,10847,10519,10013,10386,10063,9756,9546," Ceará"
"2012",10744,9929,10991,10794,11145,10138,10174,9856,10261,9873,9695,9222," Ceará"
"2013",9991,9251,10531,10776,11402,10455,10941,10432,10519,9874,9054,9175," Ceará"
"2014",9706,9431,10809,10850,11395,10629,10647,10090,10567,10458,9598,9968," Ceará"
"2015",10927,9893,11506,11435,11666,11194,11211,10951,11354,10966,10101,10318," Ceará"
"2016",10464,9918,11254,11286,11374,11080,11066,10462,10020,9737,9010,9130," Ceará"
"2017",9729,9081,10737,10575,11492,11093,11150,10832,10589,10241,9974,9944," Ceará"
"2003",3909,3741,4321,4385,4513,4179,4001,3594,3582,3420,3135,3047," Rio Grande do Norte"
"2004",3835,3688,4471,4464,4537,4079,4041,3882,3802,3564,3302,3214," Rio Grande do Norte"
"2005",4026,3907,4722,4569,4794,4455,4393,4250,4053,3851,3409,3372," Rio Grande do Norte"
"2006",3820,3710,4573,4550,4695,4200,4150,4012,3842,3831,3422,3272," Rio Grande do Norte"
"2007",3823,3532,4674,4249,4394,4118,4116,3889,3733,3545,3320,3374," Rio Grande do Norte"
"2008",3847,3763,4296,4273,4574,4222,4378,4136,3948,3867,3495,3582," Rio Grande do Norte"
"2009",3970,3704,4517,4378,4252,4145,4046,3845,3978,3897,3575,3548," Rio Grande do Norte"
"2010",3657,3441,4471,4230,4252,3815,4116,3977,3855,3632,3409,3387," Rio Grande do Norte"
"2011",3661,3571,4377,4337,4520,4263,4132,4016,3795,3753,3511,3544," Rio Grande do Norte"
"2012",3930,3893,4323,4088,4219,3903,4072,3827,3579,3741,3623,3638," Rio Grande do Norte"
"2013",3736,3535,4141,4082,4358,4026,4061,4024,3796,3644,3546,3434," Rio Grande do Norte"
"2014",3742,3556,4026,4167,4366,4063,4172,3842,4079,4019,3704,3789," Rio Grande do Norte"
"2015",3878,3698,4450,4269,4430,4146,4274,3954,4126,3962,3696,3692," Rio Grande do Norte"
"2016",3781,3673,4271,4145,4321,4149,4063,3721,3585,3303,3066,3083," Rio Grande do Norte"
"2017",3269,3231,4155,4006,4400,4130,3929,3965,3836,3739,3646,3631," Rio Grande do Norte"
"2003",5305,4912,5778,5382,5568,5122,5059,4774,4705,4332,4072,4178," Paraíba"
"2004",5013,4871,5659,5421,5584,5104,5139,4803,4919,4640,4376,4193," Paraíba"
"2005",5193,4893,5745,5385,5986,5589,5321,4997,5278,4985,4714,4550," Paraíba"
"2006",4812,4463,5575,5343,5641,5335,5351,5120,5099,5032,4562,4265," Paraíba"
"2007",4652,4311,5604,5282,5412,5059,5106,4761,4759,4656,4334,4448," Paraíba"
"2008",4877,4537,5418,5056,5260,4961,5186,4841,4997,4878,4284,4464," Paraíba"
"2009",4828,4338,5508,5102,5133,4638,4528,4533,4644,4532,4421,4335," Paraíba"
"2010",4364,4247,5278,5051,5151,4725,4829,4654,4770,4472,4154,3962," Paraíba"
"2011",4235,4235,5063,4770,5186,4845,4482,4436,4437,4062,4054,3953," Paraíba"
"2012",4064,3861,4386,4108,4423,3984,4184,3808,3930,4050,3965,3890," Paraíba"
"2013",4337,3899,4632,4551,4903,4587,4701,4499,4322,4268,3996,3926," Paraíba"
"2014",4369,4347,5053,5024,5165,4789,5112,4749,4918,4739,4531,4509," Paraíba"
"2015",4780,4484,5420,5100,5210,4885,4987,4802,4871,4888,4456,4571," Paraíba"
"2016",4638,4539,5338,5099,5264,4750,4999,4566,4235,4098,3532,3674," Paraíba"
"2017",4074,3842,4832,4762,5292,5015,4820,5033,4861,4796,4362,4504," Paraíba"
"2003",12005,11605,13675,12796,13143,12202,12087,11210,10937,10021,9399,9165," Pernambuco"
"2004",11262,11244,13213,12893,12861,11756,11454,10904,10758,10051,8958,9072," Pernambuco"
"2005",11660,11032,13276,12727,13243,12628,12292,11720,11587,10923,10081,9508," Pernambuco"
"2006",11101,10644,12750,12378,13124,12126,11624,11441,11265,11084,10086,9523," Pernambuco"
"2007",10860,10197,12992,12179,12979,12107,11775,11305,10970,10605,9799,9810," Pernambuco"
"2008",11229,10923,12362,12493,12627,11711,12196,11352,11415,11275,10044,10401," Pernambuco"
"2009",11502,10703,13265,12396,12154,11722,11383,11157,11413,10970,10008,10019," Pernambuco"
"2010",10594,10094,12517,11831,12257,10955,11388,10955,11113,10616,9849,9796," Pernambuco"
"2011",10452,10456,12744,12117,13198,12346,11929,11560,11120,10943,10377,10179," Pernambuco"
"2012",11238,11217,12777,11867,12736,11677,11346,11158,10804,11117,10499,10495," Pernambuco"
"2013",11583,10637,12156,12116,12599,11810,11899,10929,10993,10476,9397,9727," Pernambuco"
"2014",10953,10336,11971,12457,12346,11414,11888,11473,11664,10966,9978,10133," Pernambuco"
"2015",11531,10888,12942,11920,12160,11525,12086,11371,11665,11215,10326,10271," Pernambuco"
"2016",10659,10705,12416,11907,12372,11257,11464,10031,9224,8388,7676,8078," Pernambuco"
"2017",9565,9471,11668,11345,12339,11405,11493,11414,10701,10699,10214,9980," Pernambuco"
"2003",4931,4686,5275,5038,5196,4883,4697,4403,4129,3790,3465,3285," Alagoas"
"2004",4538,4367,5026,4990,5196,4628,4529,4228,4189,3907,3548,3160," Alagoas"
"2005",4632,4315,5553,5227,5548,5049,4982,4733,4615,4408,3986,3733," Alagoas"
"2006",4645,4218,5084,4747,5258,4690,4586,4559,4256,4277,3822,3551," Alagoas"
"2007",4389,4262,5379,4861,5103,4760,4777,4475,4286,4369,3879,3730," Alagoas"
"2008",4621,4356,4899,4953,5113,4922,4851,4756,4631,4515,4031,4085," Alagoas"
"2009",4411,4070,5128,5014,4888,4636,4338,4048,4194,4149,3839,3807," Alagoas"
"2010",4187,4073,4855,4689,5044,4594,4636,4476,4429,4031,3787,3758," Alagoas"
"2011",4084,3973,4894,4801,5200,4860,4563,4365,4338,4129,3907,3852," Alagoas"
"2012",4142,4263,4791,4519,4878,4467,4464,4127,4247,4246,3996,4060," Alagoas"
"2013",4427,4043,4640,4535,4824,4348,4717,4304,4353,4121,3980,3829," Alagoas"
"2014",4096,3973,4483,4383,4781,4372,4365,4209,4322,4214,3856,3851," Alagoas"
"2015",4140,3857,4841,4524,4711,4436,4353,4125,4351,4172,3921,3908," Alagoas"
"2016",3922,3878,4437,4394,4648,4351,4342,3917,3761,3677,3375,3528," Alagoas"
"2017",3641,3602,4355,4269,4668,4492,4230,4333,4023,4222,4020,3914," Alagoas"
"2003",2680,2627,3157,2959,3264,3044,3131,2872,2752,2378,2174,2071," Sergipe"
"2004",2499,2656,3109,3099,3164,2867,2772,2656,2500,2482,2129,1962," Sergipe"
"2005",2702,2667,3075,3129,3458,3126,3057,2789,2783,2660,2342,2208," Sergipe"
"2006",2742,2544,3237,3205,3400,3043,2854,2851,2713,2618,2391,2203," Sergipe"
"2007",2657,2660,3317,3194,3170,3026,2829,2690,2348,2329,2209,2255," Sergipe"
"2008",2668,2613,3121,3055,3256,3013,3121,2808,2725,2581,2416,2202," Sergipe"
"2009",2621,2557,3376,3222,3210,2868,2751,2695,2578,2495,2282,2190," Sergipe"
"2010",2486,2526,3183,2986,3076,2843,2770,2672,2633,2515,2308,2280," Sergipe"
"2011",2556,2498,3077,2994,3342,3154,2895,2762,2635,2576,2547,2400," Sergipe"
"2012",2576,2755,3085,2956,3090,2787,2775,2608,2471,2566,2406,2353," Sergipe"
"2013",2811,2539,2869,2980,3126,2853,2899,2751,2688,2511,2406,2531," Sergipe"
"2014",2658,2597,2909,2929,3163,2919,2925,2825,2657,2533,2599,2450," Sergipe"
"2015",2707,2672,3206,3121,3312,2961,2875,2789,2834,2710,2381,2410," Sergipe"
"2016",2556,2498,3043,3001,3112,2926,2793,2535,2302,2303,2163,2188," Sergipe"
"2017",2482,2469,2963,2861,3272,2857,2841,2716,2603,2763,2551,2658," Sergipe"
"2003",20137,18912,22717,20734,21359,20092,20053,19063,18742,17576,16342,15864," Bahia"
"2004",18768,18801,22207,21220,21552,19835,19505,18742,18093,17000,15983,15732," Bahia"
"2005",18817,18117,22325,20696,21875,20368,19629,18411,17915,17158,15571,15499," Bahia"
"2006",18078,17485,20640,19695,20753,19023,18236,17696,17690,17421,15474,14932," Bahia"
"2007",17551,16910,21862,19954,20496,19070,18495,17585,17014,16457,15465,16154," Bahia"
"2008",17910,17496,20250,19370,19874,18591,18651,17981,17642,17363,15883,16243," Bahia"
"2009",17800,17109,21639,20197,19963,18425,17968,17319,17484,16100,15077,14995," Bahia"
"2010",16569,16660,20600,18829,19013,17987,17358,16975,17115,16382,15271,14907," Bahia"
"2011",16807,16196,20403,19056,20450,18940,17298,16173,16005,15825,15543,15130," Bahia"
"2012",16316,16814,19888,18296,18957,17806,17142,16778,16347,16076,15523,15667," Bahia"
"2013",16960,15681,18495,18032,18878,17428,17195,16178,16219,15850,14333,14534," Bahia"
"2014",16014,16044,17820,17776,18735,17249,17642,16470,16563,16309,15622,15828," Bahia"
"2015",16576,15977,19634,18387,18883,18054,17676,16539,16985,16555,15236,15100," Bahia"
"2016",15984,15999,18755,17966,19065,17975,17319,16210,15791,14852,13772,14317," Bahia"
"2017",15881,15650,18599,17742,18923,17976,17039,16605,16036,16285,16000,15782," Bahia"
"2003",24331,23769,26336,26401,26484,24236,24013,23057,23211,21978,20723,21370," Minas Gerais"
"2004",24005,23536,25878,24859,24826,23303,23022,22412,22559,21651,20821,21067," Minas Gerais"
"2005",22450,21812,25955,24986,25767,24165,23683,22840,23236,22218,20789,21404," Minas Gerais"
"2006",22630,21621,25088,24177,24639,22454,22280,22053,22550,21583,19883,20075," Minas Gerais"
"2007",22334,21647,25075,23407,23936,22126,21632,20510,20527,20147,19423,20405," Minas Gerais"
"2008",21591,21669,23230,23319,23585,21792,21988,20774,21480,21345,19577,21271," Minas Gerais"
"2009",22067,21226,24131,23160,21929,20662,20500,19922,21958,20180,18823,19787," Minas Gerais"
"2010",21599,21214,24493,22310,22510,21134,21045,20367,20676,20210,19373,20401," Minas Gerais"
"2011",22085,21621,25088,22646,23922,22100,21519,20898,20131,19326,19457,19998," Minas Gerais"
"2012",21238,21536,24558,22922,23251,21412,21676,21142,20872,20914,20049,20672," Minas Gerais"
"2013",21881,20757,23203,23185,23604,21529,21803,20927,20479,20598,19220,20597," Minas Gerais"
"2014",22598,22143,23629,23517,23952,22115,22781,21432,21309,21051,20710,21820," Minas Gerais"
"2015",22602,21627,24790,23983,23995,22308,22205,21567,21874,21112,20238,21695," Minas Gerais"
"2016",21844,22267,24725,23390,23562,21612,20840,20014,19987,18964,17531,18653," Minas Gerais"
"2017",20319,20198,24301,22663,23993,22859,22131,21439,21126,20338,20524,20822," Minas Gerais"
"2003",4365,4321,5153,4979,4902,4692,4778,4471,4144,3879,3754,3849," Espírito Santo"
"2004",4578,4384,4874,4743,4873,4497,4512,4386,4162,4009,3863,3845," Espírito Santo"
"2005",4165,4179,4856,4862,5066,4610,4561,4314,4199,4004,3760,3815," Espírito Santo"
"2006",4090,4103,4730,4764,4842,4372,4318,4118,4277,3905,3695,3749," Espírito Santo"
"2007",4299,4112,4844,4591,4638,4299,4285,4098,3919,3942,3698,3764," Espírito Santo"
"2008",4155,4216,4899,4646,4686,4569,4367,4151,4244,4255,3966,4064," Espírito Santo"
"2009",4173,4112,4945,4831,4481,4312,4498,4008,4223,3849,3606,3987," Espírito Santo"
"2010",4159,4302,5070,4583,4639,4461,4396,4039,4074,3990,3877,4004," Espírito Santo"
"2011",4257,4492,5333,4628,4954,4683,4380,4263,4067,3972,3965,4035," Espírito Santo"
"2012",4133,4300,5016,4565,4896,4423,4535,4226,4149,4281,4254,4177," Espírito Santo"
"2013",4505,4332,4853,4869,4921,4419,4615,4456,4348,4296,4281,4367," Espírito Santo"
"2014",5035,4733,4877,4724,4871,4576,4923,4465,4430,4266,4088,4470," Espírito Santo"
"2015",4797,4501,5306,4950,5257,4809,4848,4609,4169,4536,4316,4492," Espírito Santo"
"2016",4735,4638,4945,4766,5071,4519,4592,4341,3866,3903,3631,3951," Espírito Santo"
"2017",4146,4402,5192,4894,5295,4822,4997,4723,4489,4420,4317,4402," Espírito Santo"
"2003",18628,18550,20224,19677,20049,18985,19025,17076,16407,16274,15249,16446," Rio de Janeiro"
"2004",18785,18368,20696,19790,20181,18980,17923,17173,16582,16032,15466,15634," Rio de Janeiro"
"2005",17819,17361,20918,19328,20062,18101,17526,17129,16840,16247,15662,15621," Rio de Janeiro"
"2006",16832,16431,19425,18700,19321,17710,16895,16794,16510,16207,14772,15077," Rio de Janeiro"
"2007",17427,17167,19847,18648,18294,17467,17074,16063,15357,15194,14305,15051," Rio de Janeiro"
"2008",16460,15228,16857,17497,17845,16962,17928,16032,16317,15685,14515,16071," Rio de Janeiro"
"2009",16774,16710,18885,18940,17598,16855,17420,16248,17631,15377,14364,15495," Rio de Janeiro"
"2010",18041,16765,19494,17479,17705,16793,16924,15171,15103,14986,15030,16766," Rio de Janeiro"
"2011",17968,17381,20484,18629,19345,18529,18098,17281,15942,15663,15663,16998," Rio de Janeiro"
"2012",17648,17915,20674,18699,18995,17918,17810,17279,16949,17318,16103,16783," Rio de Janeiro"
"2013",18283,17297,18616,18520,19558,17660,18756,17580,16615,16717,15553,16603," Rio de Janeiro"
"2014",19002,18961,19796,19429,19847,18490,19238,17608,17534,15863,16310,18109," Rio de Janeiro"
"2015",19508,18280,20797,19566,19408,18576,18354,17357,17628,16623,16083,17540," Rio de Janeiro"
"2016",18260,18032,19548,18996,18956,17541,17537,16564,15672,14993,14067,15184," Rio de Janeiro"
"2017",16863,17005,20595,19320,20582,19295,18745,18002,16768,16106,16647,17346," Rio de Janeiro"
"2003",49877,50425,55694,55823,54720,52419,51489,49063,49734,48157,44362,47554," São Paulo"
"2004",53957,51789,57152,54267,55677,52152,51118,50025,50292,48090,46717,47762," São Paulo"
"2005",50520,49648,57885,54384,56053,52059,50933,50584,50415,47872,46244,47041," São Paulo"
"2006",48294,47752,55984,54362,55867,51632,49846,49380,49948,47150,43691,45922," São Paulo"
"2007",51166,49320,56117,51953,53465,50509,49629,47996,46511,45906,43057,45689," São Paulo"
"2008",49167,49463,54745,53493,54426,50298,49980,47816,49039,47647,44522,48475," São Paulo"
"2009",50858,49867,56473,53527,49774,48261,49135,48519,51242,47906,43733,46529," São Paulo"
"2010",51801,50560,57434,51876,53294,50321,50077,46851,47396,46025,44473,48891," São Paulo"
"2011",52399,51284,58738,53718,56059,51490,51299,49803,46476,44894,44105,47840," São Paulo"
"2012",50714,51933,58662,52921,54541,50561,51111,50138,49656,50105,45503,48852," São Paulo"
"2013",52361,50671,54790,55074,55249,50367,50944,49390,47525,48255,45742,49165," São Paulo"
"2014",53483,51483,55826,55203,56212,52454,53806,50247,50643,47532,46157,51237," São Paulo"
"2015",54452,52240,60098,55997,57335,53232,52509,50531,51640,47130,46524,51171," São Paulo"
"2016",52973,51585,57735,54740,55380,51824,49495,47642,46882,44333,41963,45852," São Paulo"
"2017",47796,48931,57734,53767,57100,53654,51990,50073,48833,47046,46434,48138," São Paulo"
"2003",12390,12100,13316,13680,13766,12984,13043,12718,12759,11957,11251,11740," Paraná"
"2004",13409,12388,13916,13032,13791,12554,12747,12902,13144,12311,11484,12006," Paraná"
"2005",12618,12166,13999,13706,14184,13273,13271,13253,12980,12248,11662,12195," Paraná"
"2006",12653,12503,14200,13474,14052,12884,12666,12621,12538,12054,11193,11715," Paraná"
"2007",13196,12412,13542,12342,12994,12511,12522,11713,11393,11201,10822,11299," Paraná"
"2008",12252,12197,13383,13224,13588,12372,12706,12295,12488,12094,11108,12264," Paraná"
"2009",12504,11782,13574,12747,12214,12197,12245,12270,12968,12275,11104,11698," Paraná"
"2010",12915,12589,14233,12762,13362,12844,12829,11740,11806,11438,10859,12277," Paraná"
"2011",12905,12469,13955,12898,13415,12571,12974,12432,11794,11108,10968,11978," Paraná"
"2012",12607,12508,14150,12647,13162,12542,12591,12309,11998,12273,11387,12271," Paraná"
"2013",13465,12796,13612,14064,13502,12796,13113,12595,12278,12467,11927,12943," Paraná"
"2014",14124,13136,14030,13794,14151,13256,13983,12951,13107,12173,11869,13344," Paraná"
"2015",14065,12869,14860,14102,14269,13330,13345,12847,13006,12218,12171,13256," Paraná"
"2016",13830,13517,14387,13847,13984,12950,12671,12633,12466,11350,10831,11611," Paraná"
"2017",12435,12396,14983,13579,14725,13989,13375,13110,12419,11832,11892,12193," Paraná"
"2003",6664,6788,7057,7040,7313,6922,7126,6949,7132,6727,6057,6330," Santa Catarina"
"2004",7312,6964,7707,7321,7762,7247,7083,7138,7140,6658,6198,6569," Santa Catarina"
"2005",6713,6574,7665,7572,7965,7213,7224,7196,7173,6946,6548,6515," Santa Catarina"
"2006",6880,6574,7546,7504,7607,7382,7122,7159,7000,6452,6122,6428," Santa Catarina"
"2007",7240,6954,7624,6955,7164,7051,7015,6796,6357,6175,5910,5958," Santa Catarina"
"2008",6588,7069,7546,7131,7455,6848,6987,7059,7123,6792,6183,6978," Santa Catarina"
"2009",7248,6815,7808,7025,6863,6788,7168,6849,7218,6576,6166,6398," Santa Catarina"
"2010",7162,6882,8085,7437,7520,7396,7192,6751,6624,6226,5807,6730," Santa Catarina"
"2011",7765,7287,8288,7525,8049,7443,7563,7357,6947,6213,6175,6837," Santa Catarina"
"2012",7514,7360,8250,7515,8002,7668,7451,7395,7066,7010,6450,6906," Santa Catarina"
"2013",7755,7309,8042,8076,8070,7379,7559,7310,7148,7102,6765,7301," Santa Catarina"
"2014",8055,7618,8190,8196,8265,7693,8079,7748,7793,6941,6614,7616," Santa Catarina"
"2015",8228,7842,9059,8349,8578,8153,8207,7896,7933,7512,7187,7878," Santa Catarina"
"2016",8336,8276,8822,8474,8584,8083,7942,7685,7511,7003,6765,7203," Santa Catarina"
"2017",7486,7838,9447,8759,9264,8615,8382,8348,7833,7432,7102,7773," Santa Catarina"
"2003",12096,11320,12301,12226,13167,12388,12284,12070,11905,11747,10355,10918," Rio Grande do Sul"
"2004",13035,12137,13426,12872,13000,12485,12395,12369,12424,11593,10993,11533," Rio Grande do Sul"
"2005",12213,11472,12733,12424,13206,12302,12344,12026,11943,11481,10688,11322," Rio Grande do Sul"
"2006",12045,10940,12376,11862,12622,12175,11912,11539,11171,10709,9939,10797," Rio Grande do Sul"
"2007",12085,11155,12273,10957,11512,11328,11106,10803,9843,10012,9358,9752," Rio Grande do Sul"
"2008",11034,11303,11984,11512,11853,10851,11045,10952,11008,10504,10003,10681," Rio Grande do Sul"
"2009",11926,10861,12011,10871,10985,10812,11062,10492,11014,10719,9538,10428," Rio Grande do Sul"
"2010",11207,10484,12580,11452,11579,11241,11250,10470,10438,9866,9253,10770," Rio Grande do Sul"
"2011",12046,11789,12737,11984,12204,11484,11687,11165,10765,9828,9785,10756," Rio Grande do Sul"
"2012",11758,11567,12487,11866,12320,11617,11687,11605,11090,11001,10066,11001," Rio Grande do Sul"
"2013",12732,11570,12604,12482,12128,11323,11844,11231,10892,11303,10794,11655," Rio Grande do Sul"
"2014",12555,11711,13088,12500,12713,11786,12082,11706,11727,10683,10163,11970," Rio Grande do Sul"
"2015",12830,12638,14205,12873,12998,12300,12230,11434,11648,11413,11152,12105," Rio Grande do Sul"
"2016",12687,12316,13275,12097,12414,12085,11912,11765,11022,10356,9905,11005," Rio Grande do Sul"
"2017",11417,11472,13754,12215,12868,12259,11986,11555,11015,10502,10256,11143," Rio Grande do Sul"
"2003",3144,3142,3735,3965,3773,3411,3172,2977,2950,2787,2775,2824," Mato Grosso do Sul"
"2004",3464,3370,3719,3444,3537,3264,3151,3111,3124,2885,2702,2856," Mato Grosso do Sul"
"2005",3178,3269,3628,3644,3647,3234,3308,3262,3172,2960,2826,2811," Mato Grosso do Sul"
"2006",3164,3138,3737,3517,3576,3267,3009,2964,2958,2915,2651,2736," Mato Grosso do Sul"
"2007",3097,3141,3487,3157,3282,3212,2987,2921,2714,2593,2558,2750," Mato Grosso do Sul"
"2008",3218,3166,3718,3572,3609,3280,3237,3152,3153,3101,3035,3086," Mato Grosso do Sul"
"2009",3325,3262,3653,3472,3238,3176,3126,2893,3193,3036,2819,2930," Mato Grosso do Sul"
"2010",3324,3259,3942,3403,3403,3357,3270,2995,3013,3041,2767,2987," Mato Grosso do Sul"
"2011",3329,3490,3898,3735,3776,3466,3488,3354,3048,2990,2878,3075," Mato Grosso do Sul"
"2012",3485,3644,3921,3540,3699,3372,3454,3416,3225,3379,2962,3228," Mato Grosso do Sul"
"2013",3696,3361,3868,3801,3795,3347,3504,3078,3263,3331,3170,3441," Mato Grosso do Sul"
"2014",3699,3442,3835,3899,3913,3581,3742,3490,3422,3532,3290,3615," Mato Grosso do Sul"
"2015",3722,3609,4277,3918,3908,3647,3547,3423,3586,3374,3165,3608," Mato Grosso do Sul"
"2016",3570,3614,4030,3884,3986,3624,3328,3360,3375,3050,2940,3258," Mato Grosso do Sul"
"2017",3482,3480,4221,3926,4330,3864,3888,3791,3548,3338,3319,3493," Mato Grosso do Sul"
"2003",3672,3486,4153,4105,3812,3603,3572,3309,3396,3302,2984,3016," Mato Grosso"
"2004",3844,3793,4346,4300,4215,3948,3687,3850,3590,3376,3211,3060," Mato Grosso"
"2005",3976,3984,4735,4578,4680,4303,4090,4046,3783,3654,3316,3181," Mato Grosso"
"2006",3853,3878,4554,4533,4622,4104,3815,3728,3780,3652,3247,3214," Mato Grosso"
"2007",3869,3814,4581,4177,4289,3925,3684,3593,3609,3411,3293,3405," Mato Grosso"
"2008",3778,3946,4399,4351,4347,3989,3867,3761,3951,3897,3522,3665," Mato Grosso"
"2009",4176,3871,4539,4353,4115,3886,3824,3650,4140,4179,4031,3855," Mato Grosso"
"2010",4428,4159,4724,4258,4011,3737,3965,3736,3859,3606,3318,3350," Mato Grosso"
"2011",3716,3759,4350,4499,4499,4043,3671,3776,3522,3589,3493,3183," Mato Grosso"
"2012",4035,3976,4439,4181,4440,4045,4209,3883,4078,4057,3686,3919," Mato Grosso"
"2013",4110,3843,4545,4696,4549,4050,4256,4329,4292,4341,4057,4027," Mato Grosso"
"2014",4570,4463,4827,4954,5061,4634,4630,4586,4562,4529,4437,4427," Mato Grosso"
"2015",4585,4343,5142,5106,4911,4479,4585,4497,4818,4528,4447,4503," Mato Grosso"
"2016",4546,4277,5087,4854,4865,4423,4295,4188,4012,3974,3698,3937," Mato Grosso"
"2017",3867,3839,4847,4774,4864,4590,4472,4378,4316,4255,4234,4116," Mato Grosso"
"2003",7359,7191,8101,7963,7740,7402,7375,7034,7174,6873,6522,6519," Goiás"
"2004",7259,6996,7992,7920,7856,7213,7212,6994,7121,6723,6437,6528," Goiás"
"2005",7311,7071,8265,8031,8189,7550,7505,7235,7605,7046,6629,6496," Goiás"
"2006",7345,6855,8241,7995,7857,7189,6916,7026,7270,6977,6524,6664," Goiás"
"2007",7229,7097,8252,7642,7601,6916,7175,6765,6628,6665,6149,6504," Goiás"
"2008",7304,7141,7755,7697,7679,7110,7167,7031,7287,7181,6753,7091," Goiás"
"2009",7292,7118,8046,7930,7395,6746,6735,6565,7192,6978,6545,6670," Goiás"
"2010",7373,7117,8295,7705,7435,7168,7307,6988,7278,7076,6635,6953," Goiás"
"2011",7764,7176,8479,8218,8176,7548,7420,7421,7238,7242,7031,7188," Goiás"
"2012",7598,7524,8482,7773,8028,7267,7229,7357,7096,7750,7203,7276," Goiás"
"2013",7699,7373,8250,8287,8472,7735,7763,7533,7723,7761,7319,7494," Goiás"
"2014",8136,7917,8419,8373,8737,8189,8358,7954,8152,8120,7797,8109," Goiás"
"2015",8193,7793,9168,8894,8760,8189,8299,8265,8474,7943,7826,8231," Goiás"
"2016",7870,8019,8962,8386,8655,7997,7859,7536,7578,7558,6843,6962," Goiás"
"2017",7537,7480,8981,8281,8668,8277,8143,8164,7883,8018,7643,7656," Goiás"
"2003",3834,3635,4122,3785,3943,3847,3713,3688,3767,3470,3449,3467," Distrito Federal"
"2004",3511,3491,3934,3747,3920,3702,3636,3669,3660,3498,3324,3473," Distrito Federal"
"2005",3572,3529,4148,3874,4047,3747,3696,3720,3632,3738,3378,3582," Distrito Federal"
"2006",3712,3482,3995,4019,4071,3503,3742,3554,3734,3678,3370,3433," Distrito Federal"
"2007",3791,3404,4066,3866,3709,3588,3498,3351,3423,3600,3321,3451," Distrito Federal"
"2008",3585,3512,3881,3753,3764,3593,3637,3406,3651,3542,3480,3676," Distrito Federal"
"2009",3676,3420,4090,3616,3631,3440,3601,3539,3753,3543,3500,3431," Distrito Federal"
"2010",3702,3411,3833,3813,3681,3552,3709,3649,3618,3596,3303,3534," Distrito Federal"
"2011",3778,3332,3868,3741,3769,3559,3645,3601,3516,3567,3387,3379," Distrito Federal"
"2012",3540,3520,3805,3441,3465,3429,3515,3669,3653,3672,3480,3503," Distrito Federal"
"2013",3750,3444,3897,3780,4030,3603,3771,3672,3829,3621,3387,3432," Distrito Federal"
"2014",3840,3484,3883,3784,3977,3742,3741,3815,3841,3842,3739,3823," Distrito Federal"
"2015",3777,3664,4118,3794,4157,3791,3854,3806,3956,3766,3650,3729," Distrito Federal"
"2016",3816,3772,3976,3856,3976,3712,3711,3554,3496,3328,3141,3338," Distrito Federal"
"2017",3636,3453,4049,3634,3907,3884,3833,3745,3645,3690,3610,3550," Distrito Federal"
