codigo;renda
1000;1981,42
1001;2056,28
1002;1980,02
1003;2020,75
1004;1949,91
1005;1979,37
1006;1968,89
1007;1977,71
1008;2034,11
1009;1952,60
1010;2003,43
1011;1957,05
1012;1961,45
1013;1992,92
1014;2011,71
1015;1921,79
1016;2039,44
1017;1988,44
1018;2024,34
1019;2035,98
1020;2006,80
1021;1977,84
1022;1947,91
1023;2047,32
1024;2011,40
1025;1966,74
1026;1989,80
1027;2088,98
1028;1991,06
1029;2020,02
1030;2021,50
1031;1967,34
1032;1989,73
1033;1979,44
1034;2020,79
1035;2017,29
1036;1973,91
1037;1986,71
1038;1989,43
1039;1996,69
1040;1976,77
1041;2021,69
1042;2023,51
1043;1935,45
1044;1948,20
1045;1924,58
1046;2067,67
1047;1983,82
1048;2005,57
1049;1954,88
1050;2016,55
1051;2072,34
1052;1971,39
1053;2017,03
1054;2020,86
1055;2017,02
1056;2043,29
1057;2005,62
1058;1941,36
1059;2050,83
1060;1994,42
1061;1995,33
1062;2067,16
1063;2013,88
1064;2066,73
1065;2017,37
1066;2045,81
1067;1982,33
1068;1945,89
1069;1928,85
1070;2050,16
1071;2055,83
1072;2034,81
1073;2001,84
1074;2006,05
1075;1986,22
1076;1955,66
1077;2035,50
1078;2004,12
1079;2042,15
1080;1983,84
1081;1921,32
1082;1939,96
1083;1950,55
1084;1950,17
1085;2033,19
1086;1998,86
1087;1927,20
1088;2002,74
1089;1962,38
1090;2005,36
1091;1973,45
1092;1939,64
1093;2007,19
1094;2030,50
1095;1887,10
1096;1983,54
1097;2011,13
1098;2057,09
1099;1987,50
1100;1981,48
1101;1962,69
1102;2023,11
1103;1980,20
1104;1949,01
1105;1921,10
1106;2068,72
1107;1988,31
1108;1989,36
1109;2048,56
1110;1948,50
1111;1948,17
1112;2052,44
1113;1976,93
1114;2007,31
1115;2087,57
1116;2031,70
1117;2095,84
1118;1941,04
1119;1935,97
1120;1928,08
1121;1993,04
1122;1928,39
1123;1979,75
1124;1982,19
1125;1964,52
1126;2040,21
1127;2018,97
1128;2033,66
1129;2088,50
1130;1884,19
1131;1978,42
1132;2026,02
1133;1980,44
1134;1984,87
1135;2035,53
1136;2015,15
1137;2131,01
1138;1986,40
1139;2108,78
1140;1947,74
1141;2056,57
1142;2012,21
1143;1969,86
1144;2014,71
1145;1982,15
1146;1994,97
1147;2032,43
1148;1955,06
1149;2031,24
1150;2008,51
1151;2063,05
1152;2039,70
1153;1948,44
1154;1979,27
1155;2024,82
1156;1902,27
1157;1975,04
1158;1969,45
1159;1978,48
1160;2013,62
1161;1938,91
1162;1938,03
1163;2050,28
1164;2095,34
1165;2029,91
1166;1986,43
1167;2021,90
1168;1983,01
1169;2024,45
1170;1953,23
1171;2072,81
1172;2060,22
1173;1978,56
1174;2008,10
1175;1973,88
1176;1973,81
1177;1942,46
1178;2001,19
1179;1993,01
1180;1974,52
1181;1998,37
1182;2048,12
1183;1942,90
1184;2002,92
1185;2021,16
1186;1872,00
1187;1985,32
1188;2087,51
1189;2023,77
1190;1991,31
1191;1952,69
1192;1960,06
1193;1969,37
1194;1948,64
1195;1975,38
1196;1985,69
1197;1996,12
1198;1968,57
1199;2019,42
1200;2025,23
1201;2063,10
1202;1893,91
1203;2102,95
1204;2001,05
1205;2011,02
1206;2019,94
1207;2074,17
1208;1969,81
1209;2003,67
1210;2085,39
1211;1970,41
1212;1942,66
1213;1940,78
1214;2009,28
1215;2002,76
1216;2023,27
1217;1973,45
1218;2010,91
1219;2002,89
1220;1994,16
1221;1953,51
1222;2047,54
1223;2002,15
1224;2031,41
1225;2034,39
1226;1991,53
1227;2002,97
1228;1975,71
1229;1967,78
1230;2057,55
1231;1998,30
1232;2030,99
1233;2038,95
1234;2088,01
1235;1952,24
1236;1988,77
1237;1991,29
1238;2118,36
1239;2061,60
1240;1985,54
1241;1937,79
1242;1920,91
1243;2037,37
1244;2038,18
1245;2020,96
1246;1995,05
1247;1985,98
1248;1968,76
1249;2031,87
1250;2032,32
1251;1946,18
1252;1966,01
1253;1965,90
1254;1973,03
1255;1958,75
1256;2077,52
1257;2037,67
1258;2026,37
1259;1973,80
1260;2015,50
1261;2025,24
1262;1911,26
1263;1987,15
1264;1967,90
1265;2020,33
1266;1985,08
1267;1962,79
1268;2029,12
1269;2033,78
1270;1987,35
1271;1968,54
1272;1932,25
1273;1906,09
1274;2020,74
1275;1894,26
1276;2028,75
1277;1920,72
1278;2022,01
1279;2043,58
1280;1968,57
1281;1979,74
1282;1962,19
1283;1965,41
1284;2046,09
1285;2004,50
1286;1982,02
1287;1945,53
1288;1948,15
1289;2079,16
1290;1946,06
1291;2026,95
1292;1990,26
1293;1931,86
1294;1940,30
1295;2007,62
1296;2014,73
1297;1911,69
1298;2018,08
1299;1973,05
1300;1965,02
1301;2035,56
1302;1950,12
1303;1997,99
1304;2085,15
1305;1932,87
1306;2009,28
1307;1979,30
1308;1936,56
1309;1924,47
1310;2053,01
1311;2069,36
1312;2011,82
1313;2158,92
1314;2086,14
1315;2035,58
1316;1989,80
1317;2051,24
1318;2053,39
1319;1980,53
1320;1956,68
1321;1864,45
1322;1947,66
1323;2015,97
1324;1946,98
1325;1919,03
1326;1930,53
1327;1967,18
1328;2102,58
1329;1980,35
1330;1980,89
1331;2053,53
1332;2059,96
1333;1903,48
1334;1947,62
1335;1983,85
1336;2029,80
1337;1976,30
1338;2010,90
1339;1989,49
1340;2073,88
1341;2020,94
1342;2020,26
1343;2050,31
1344;2011,63
1345;1940,52
1346;2057,06
1347;2038,68
1348;1994,89
1349;2030,55
1350;1924,09
1351;1966,10
1352;1976,85
1353;1958,79
1354;2006,54
1355;1994,80
1356;2033,75
1357;2026,39
1358;2003,57
1359;1931,33
1360;1958,20
1361;2045,13
1362;2050,38
1363;2072,64
1364;2040,97
1365;1909,96
1366;1961,39
1367;2004,12
1368;1970,66
1369;2022,35
1370;2053,38
1371;2039,51
1372;2044,26
1373;1936,96
1374;1956,67
1375;1910,88
1376;2042,25
1377;2055,41
1378;1970,87
1379;2082,28
1380;1929,12
1381;1871,80
1382;2052,25
1383;2049,06
1384;1968,70
1385;1981,97
1386;2064,23
1387;1870,45
1388;1959,67
1389;1999,54
1390;2023,18
1391;2059,06
1392;2038,94
1393;2018,14
1394;1957,25
1395;2021,68
1396;1965,92
1397;2061,99
1398;2082,52
1399;2009,60
1400;1980,34
1401;2049,96
1402;2047,28
1403;2056,35
1404;1966,94
1405;1948,99
1406;2034,38
1407;1992,36
1408;2015,76
1409;1984,14
1410;1969,14
1411;1979,01
1412;1903,75
1413;1992,90
1414;1977,33
1415;2026,02
1416;2030,83
1417;2027,51
1418;2008,43
1419;2016,42
1420;2037,18
1421;1972,52
1422;1938,28
1423;2016,63
1424;2037,36
1425;2023,55
1426;1955,73
1427;2009,69
1428;1968,14
1429;1951,42
1430;1999,23
1431;1978,67
1432;2016,74
1433;2046,39
1434;2017,70
1435;1990,49
1436;2056,90
1437;1969,22
1438;1963,67
1439;1981,72
1440;2011,14
1441;2056,19
1442;1988,31
1443;1948,47
1444;1874,01
1445;2004,58
1446;2084,37
1447;2004,66
1448;2056,80
1449;1965,06
1450;1896,17
1451;1971,97
1452;2005,43
1453;1943,58
1454;2032,46
1455;1929,62
1456;1919,26
1457;1989,07
1458;2008,01
1459;2054,77
1460;1900,25
1461;1872,66
1462;1982,84
1463;1991,31
1464;2032,27
1465;1928,84
1466;1979,55
1467;2084,97
1468;2018,91
1469;2028,80
1470;2015,25
1471;1994,45
1472;1936,76
1473;1942,20
1474;2088,97
1475;1931,27
1476;2042,94
1477;2051,25
1478;2006,76
1479;2057,41
1480;1964,98
1481;1966,67
1482;2026,24
1483;2051,82
1484;1990,15
1485;1986,48
1486;2032,77
1487;1990,78
1488;2097,17
1489;2074,34
1490;1936,14
1491;2072,43
1492;2059,12
1493;1947,27
1494;1935,70
1495;2071,15
1496;1930,31
1497;1997,08
1498;2021,25
1499;2094,15
1500;1993,84
1501;2006,35
1502;1974,31
1503;2053,98
1504;2047,73
1505;2076,61
1506;2049,00
1507;1975,42
1508;2050,08
1509;2033,01
1510;2015,78
1511;1995,95
1512;1941,33
1513;2062,26
1514;2028,66
1515;1951,58
1516;1857,05
1517;2093,48
1518;2060,08
1519;1995,81
1520;2060,17
1521;1967,21
1522;1930,24
1523;1911,15
1524;2019,72
1525;2004,81
1526;2026,93
1527;1978,48
1528;1979,40
1529;2011,29
1530;2010,80
1531;1999,51
1532;2018,24
1533;2035,30
1534;2121,04
1535;2051,46
1536;2005,03
1537;1988,42
1538;1919,24
1539;2082,25
1540;1915,93
1541;2004,50
1542;2007,66
1543;1991,53
1544;2072,30
1545;2037,01
1546;1975,61
1547;2032,68
1548;2025,99
1549;1947,55
1550;2030,60
1551;1994,23
1552;1955,11
1553;1936,36
1554;2117,88
1555;2045,05
1556;2048,33
1557;1939,27
1558;1921,75
1559;1999,27
1560;1941,04
1561;2042,76
1562;2073,77
1563;2012,46
1564;1971,13
1565;2011,82
1566;1970,24
1567;2027,20
1568;1983,92
1569;1992,09
1570;1951,10
1571;2026,30
1572;2009,41
1573;2077,63
1574;2002,99
1575;2059,17
1576;2064,14
1577;2024,88
1578;2015,23
1579;1941,71
1580;2093,49
1581;1987,22
1582;2001,38
1583;2015,85
1584;1924,45
1585;1956,98
1586;2057,45
1587;1984,48
1588;1993,23
1589;1986,10
1590;1941,80
1591;2006,29
1592;1989,25
1593;1983,31
1594;1950,76
1595;2023,19
1596;1972,81
1597;1976,17
1598;2107,92
1599;2019,96
1600;2014,68
1601;1990,95
1602;2020,28
1603;1987,51
1604;1993,29
1605;1971,43
1606;1914,22
1607;2007,30
1608;2050,40
1609;2002,74
1610;1990,49
1611;1971,22
1612;1922,43
1613;2039,05
1614;1948,69
1615;2015,67
1616;1923,36
1617;2016,61
1618;1963,75
1619;2021,61
1620;2047,39
1621;2093,85
1622;1987,21
1623;2052,91
1624;1942,42
1625;2019,96
1626;2058,00
1627;1907,97
1628;1959,84
1629;1963,76
1630;2031,56
1631;2042,15
1632;1956,17
1633;2002,11
1634;2082,62
1635;1927,30
1636;2002,67
1637;2113,14
1638;1959,47
1639;1999,41
1640;1979,91
1641;1908,75
1642;2083,74
1643;2023,79
1644;1983,38
1645;1955,02
1646;2024,11
1647;1965,74
1648;2017,37
1649;2047,66
1650;2051,21
1651;1984,88
1652;1973,51
1653;2003,58
1654;2070,02
1655;2060,00
1656;2055,46
1657;2012,86
1658;1932,81
1659;2023,66
1660;2042,16
1661;2012,31
1662;1970,92
1663;2009,32
1664;1958,12
1665;2041,73
1666;1990,27
1667;2021,97
1668;1967,44
1669;2071,94
1670;2093,60
1671;1959,69
1672;2096,94
1673;1952,01
1674;2008,25
1675;2006,00
1676;2000,52
1677;1904,10
1678;1934,15
1679;1869,16
1680;1990,57
1681;2030,58
1682;2040,80
1683;1966,72
1684;2059,90
1685;2004,12
1686;1997,44
1687;1997,55
1688;1985,92
1689;1945,35
1690;1963,02
1691;2052,28
1692;2005,86
1693;2036,51
1694;1964,02
1695;2057,44
1696;1977,45
1697;1997,94
1698;1991,54
1699;2019,96
1700;1956,93
1701;2025,42
1702;2103,69
1703;1942,15
1704;2055,46
1705;1988,98
1706;2016,80
1707;1893,08
1708;1976,86
1709;2030,25
1710;2019,40
1711;1985,84
1712;2027,84
1713;2027,40
1714;2059,68
1715;2010,62
1716;1977,23
1717;1979,64
1718;1958,47
1719;1956,05
1720;1939,20
1721;2131,45
1722;2025,94
1723;1962,55
1724;1971,51
1725;2002,17
1726;1997,05
1727;2058,77
1728;1865,02
1729;1981,47
1730;2052,51
1731;2036,85
1732;2035,95
1733;1988,34
1734;1979,35
1735;2047,32
1736;2023,47
1737;2075,83
1738;2007,09
1739;1961,03
1740;2085,62
1741;1962,17
1742;1915,64
1743;1979,78
1744;1982,55
1745;1997,08
1746;1993,48
1747;1972,43
1748;2025,97
1749;2065,90
1750;1978,18
1751;2067,87
1752;1989,81
1753;2047,53
1754;1958,11
1755;1964,68
1756;2104,26
1757;2149,00
1758;1985,09
1759;1895,54
1760;1937,20
1761;1950,68
1762;1960,05
1763;1900,37
1764;1943,64
1765;1957,54
1766;1937,35
1767;1964,15
1768;1996,41
1769;2159,07
1770;1966,52
1771;2021,82
1772;1981,00
1773;2002,54
1774;2060,98
1775;1980,14
1776;1981,36
1777;2006,69
1778;2073,24
1779;1976,17
1780;2033,55
1781;2084,71
1782;2010,28
1783;1907,82
1784;1976,75
1785;1960,40
1786;1989,73
1787;2027,95
1788;1927,95
1789;1961,63
1790;2040,02
1791;2022,40
1792;2097,67
1793;1965,36
1794;2000,61
1795;1997,89
1796;2063,21
1797;2021,57
1798;2016,00
1799;2029,20
1800;1974,06
1801;1945,31
1802;2012,16
1803;1980,32
1804;2060,15
1805;2018,63
1806;2053,15
1807;2083,50
1808;2051,87
1809;2078,26
1810;2016,19
1811;2049,24
1812;2011,26
1813;2026,41
1814;2020,88
1815;1927,59
1816;2018,78
1817;2051,72
1818;2058,34
1819;1940,20
1820;2004,04
1821;2142,92
1822;1949,95
1823;2014,46
1824;1993,08
1825;1970,59
1826;2014,50
1827;2088,21
1828;2049,32
1829;2055,89
1830;2009,88
1831;1873,55
1832;1995,16
1833;2009,19
1834;2018,75
1835;2017,73
1836;2108,51
1837;1989,44
1838;2088,31
1839;2060,30
1840;2049,72
1841;2074,54
1842;2028,33
1843;2011,87
1844;1942,44
1845;2042,45
1846;2138,96
1847;1977,35
1848;2003,90
1849;2002,25
1850;1979,20
1851;1946,75
1852;1964,75
1853;2063,89
1854;1955,05
1855;2003,45
1856;2032,02
1857;1980,15
1858;1913,77
1859;1972,37
1860;2051,15
1861;2038,92
1862;2047,62
1863;1981,77
1864;1863,05
1865;1997,86
1866;1970,81
1867;1975,31
1868;1975,10
1869;1980,54
1870;1907,58
1871;2049,27
1872;1981,57
1873;2005,93
1874;2002,97
1875;2033,13
1876;2079,97
1877;2016,84
1878;1944,58
1879;2101,72
1880;2029,14
1881;1970,15
1882;1965,70
1883;1971,34
1884;1976,49
1885;2056,68
1886;2041,37
1887;2000,18
1888;1942,21
1889;2034,47
1890;1948,52
1891;1979,37
1892;1953,16
1893;2031,18
1894;1998,87
1895;2020,43
1896;2058,84
1897;1971,38
1898;1972,05
1899;2035,93
1900;1955,72
1901;1973,63
1902;2058,29
1903;2076,80
1904;2025,55
1905;1997,85
1906;2022,02
1907;2054,70
1908;2037,72
1909;2028,90
1910;1933,24
1911;1991,01
1912;1967,44
1913;2021,38
1914;2049,70
1915;1957,55
1916;1994,60
1917;1998,26
1918;1948,54
1919;2015,00
1920;1987,69
1921;2067,63
1922;1968,69
1923;2027,62
1924;1958,86
1925;1930,00
1926;2003,97
1927;1912,90
1928;2019,40
1929;2033,88
1930;1986,69
1931;1968,09
1932;1954,30
1933;1959,19
1934;1901,32
1935;1974,20
1936;1977,38
1937;2054,44
1938;2051,57
1939;1961,45
1940;1957,96
1941;2031,40
1942;2009,63
1943;2001,58
1944;2075,33
1945;2038,03
1946;1983,77
1947;1938,21
1948;1972,87
1949;1942,92
1950;2066,15
1951;1976,85
1952;1957,21
1953;2028,60
1954;1983,73
1955;1858,65
1956;2010,15
1957;1946,36
1958;2000,34
1959;2008,83
1960;1958,01
1961;1944,77
1962;2028,05
1963;1940,80
1964;1951,11
1965;1981,08
1966;1950,99
1967;2041,16
1968;2091,99
1969;2006,30
1970;2016,38
1971;1962,16
1972;1961,67
1973;1993,62
1974;1989,69
1975;2044,50
1976;2034,97
1977;2037,62
1978;2001,13
1979;1990,43
1980;2061,02
1981;1999,70
1982;1928,11
1983;1975,99
1984;2100,79
1985;1907,33
1986;2020,30
1987;2044,21
1988;2049,14
1989;1956,34
1990;2049,13
1991;2025,66
1992;1986,30
1993;1842,72
1994;1963,90
1995;1967,10
1996;2015,38
1997;2002,14
1998;1956,49
1999;2036,74
2000;1019,96
2001; 999,63
2002; 992,81
2003; 992,85
2004;1017,02
2005; 999,66
2006; 989,59
2007; 982,91
2008; 996,55
2009;1006,48
2010; 991,41
2011; 994,47
2012; 984,54
2013;1028,68
2014; 983,47
2015; 996,87
2016; 993,34
2017;1004,48
2018;1011,02
2019;1014,20
2020; 998,63
2021; 991,73
2022;1001,66
2023; 986,53
2024; 992,68
2025;1014,17
2026;1003,72
2027; 996,50
2028; 991,24
2029; 981,80
2030;1004,74
2031;1010,14
2032;1011,32
2033; 999,96
2034;1004,28
2035;1002,94
2036;1006,49
2037;1000,88
2038; 991,55
2039; 994,32
2040;1008,31
2041;1002,24
2042; 992,19
2043; 998,78
2044; 988,89
2045;1011,64
2046; 987,36
2047;1018,29
2048;1011,54
2049; 996,38
2050; 993,03
2051; 989,19
2052;1011,38
2053;1009,37
2054; 987,56
2055; 990,51
2056; 988,72
2057;1003,59
2058; 996,97
2059; 997,70
2060; 996,01
2061; 992,09
2062;1006,75
2063; 995,50
2064;1000,39
2065;1000,40
2066; 992,01
2067;1013,80
2068; 992,84
2069; 986,08
2070;1006,92
2071; 977,70
2072; 997,42
2073;1013,66
2074;1011,53
2075; 997,02
2076;1010,38
2077; 993,34
2078; 995,99
2079; 999,89
2080; 994,99
2081; 994,69
2082;1010,68
2083;1006,10
2084; 992,76
2085;1003,31
2086; 989,96
2087;1011,79
2088;1000,60
2089;1001,55
2090; 977,47
2091; 990,11
2092;1005,15
2093;1002,20
2094;1008,62
2095; 995,03
2096; 983,52
2097; 993,81
2098; 986,26
2099; 988,85
2100;1014,29
2101; 993,35
2102; 992,80
2103; 999,35
2104;1005,56
2105;1009,87
2106; 992,60
2107; 991,33
2108;1015,75
2109; 983,44
2110;1004,74
2111;1019,52
2112; 999,69
2113; 994,82
2114; 985,23
2115;1001,08
2116;1020,32
2117; 999,06
2118;1000,27
2119;1000,91
2120; 995,71
2121;1010,24
2122;1004,77
2123;1024,92
2124; 990,16
2125; 998,32
2126; 997,50
2127; 996,12
2128;1017,95
2129; 992,20
2130; 994,04
2131; 993,32
2132; 991,61
2133;1010,77
2134;1001,45
2135;1005,43
2136; 993,22
2137;1019,86
2138; 992,53
2139; 997,30
2140; 988,38
2141;1005,03
2142; 997,91
2143;1009,80
2144; 992,49
2145; 985,20
2146; 988,17
2147;1000,33
2148; 987,51
2149; 994,55
2150; 989,73
2151; 994,23
2152; 994,44
2153; 986,62
2154;1006,72
2155; 998,40
2156;1002,62
2157;1007,84
2158; 998,47
2159;1003,07
2160; 987,90
2161;1020,27
2162; 987,70
2163; 990,82
2164; 984,30
2165; 984,61
2166; 991,09
2167; 995,25
2168;1003,32
2169; 981,23
2170;1010,68
2171; 999,29
2172; 997,90
2173; 998,56
2174; 987,33
2175; 999,93
2176;1001,39
2177;1002,95
2178; 999,05
2179; 990,91
2180; 983,17
2181;1015,42
2182; 980,24
2183; 999,44
2184;1002,33
2185; 995,05
2186; 985,74
2187; 999,15
2188;1008,94
2189;1002,92
2190; 992,53
2191;1013,05
2192; 998,53
2193; 998,34
2194; 982,76
2195; 982,97
2196; 986,70
2197; 992,61
2198; 990,63
2199;1001,13
2200;1004,47
2201; 989,70
2202; 997,71
2203;1001,34
2204;1002,23
2205; 999,11
2206;1010,71
2207; 988,51
2208; 996,60
2209;1008,43
2210; 983,19
2211; 990,31
2212; 989,52
2213; 991,23
2214;1002,32
2215; 990,10
2216;1017,14
2217; 998,64
2218; 993,18
2219;1001,98
2220; 990,88
2221; 999,23
2222; 984,76
2223;1010,35
2224;1009,87
2225;1003,64
2226; 993,66
2227; 992,58
2228; 989,15
2229;1025,16
2230;1018,15
2231;1018,47
2232;1007,19
2233; 995,25
2234;1018,20
2235;1001,98
2236; 996,04
2237; 987,24
2238; 998,32
2239;1001,91
2240; 995,52
2241;1004,12
2242; 993,18
2243; 985,41
2244;1005,19
2245; 995,85
2246;1008,84
2247; 998,57
2248; 999,00
2249; 985,27
2250; 974,82
2251; 984,07
2252;1004,55
2253;1006,87
2254; 997,87
2255; 989,57
2256;1002,95
2257; 999,04
2258; 996,55
2259; 994,01
2260; 995,67
2261; 996,70
2262; 988,29
2263;1001,38
2264; 994,31
2265; 991,02
2266; 998,15
2267; 985,47
2268; 993,69
2269; 982,57
2270;1013,97
2271; 999,82
2272;1003,87
2273; 996,55
2274; 987,00
2275;1010,32
2276; 977,68
2277; 983,66
2278; 997,42
2279; 991,19
2280; 984,61
2281; 993,50
2282;1002,42
2283; 975,76
2284; 991,09
2285; 991,21
2286; 994,93
2287; 995,80
2288;1003,63
2289; 990,33
2290;1002,29
2291; 990,11
2292;1005,70
2293;1008,31
2294; 989,14
2295;1006,64
2296;1026,85
2297; 985,50
2298; 987,84
2299; 996,51
2300;1009,55
2301;1004,91
2302; 994,13
2303;1010,64
2304;1004,86
2305; 988,69
2306;1007,60
2307;1003,61
2308;1015,36
2309; 993,33
2310; 991,24
2311; 997,99
2312; 982,17
2313;1002,07
2314; 984,40
2315;1010,61
2316;1005,58
2317; 991,80
2318;1001,89
2319; 990,26
2320;1016,89
2321;1002,28
2322; 990,26
2323; 985,66
2324;1001,97
2325;1021,35
2326; 995,93
2327;1005,17
2328; 997,26
2329; 987,68
2330; 996,65
2331; 984,15
2332; 994,03
2333; 999,75
2334; 995,25
2335;1009,55
2336;1000,24
2337; 997,28
2338;1016,12
2339; 997,81
2340;1001,64
2341; 977,53
2342;1011,85
2343;1005,36
2344;1006,62
2345; 990,30
2346;1011,55
2347; 994,08
2348;1005,95
2349; 995,49
2350;1005,46
2351; 992,76
2352; 978,40
2353;1009,65
2354;1004,52
2355;1011,84
2356; 986,59
2357;1005,41
2358; 995,94
2359; 975,56
2360; 976,13
2361;1000,03
2362; 985,64
2363; 999,52
2364; 987,72
2365;1002,26
2366;1008,99
2367; 987,27
2368; 995,31
2369; 989,63
2370; 999,39
2371; 978,27
2372; 996,06
2373;1000,77
2374; 990,31
2375;1005,90
2376; 994,48
2377; 971,36
2378;1000,49
2379; 989,11
2380; 999,33
2381; 975,12
2382;1017,54
2383;1000,29
2384; 996,06
2385; 999,58
2386; 977,56
2387; 997,10
2388; 992,79
2389;1002,93
2390; 999,60
2391; 998,03
2392;1001,22
2393; 991,92
2394; 984,77
2395;1008,02
2396; 995,30
2397; 997,72
2398;1017,98
2399; 990,79
2400; 981,02
2401;1007,17
2402;1007,49
2403;1002,58
2404;1001,01
2405; 991,48
2406; 995,66
2407; 984,40
2408; 997,22
2409; 996,87
2410; 984,77
2411;1004,03
2412;1014,18
2413; 990,73
2414; 991,05
2415;1005,73
2416;1009,23
2417; 998,27
2418; 995,64
2419; 991,85
2420;1005,91
2421; 993,46
2422; 991,71
2423;1000,12
2424; 989,11
2425; 988,98
2426;1003,12
2427; 984,66
2428; 983,71
2429; 999,67
2430; 998,87
2431;1005,46
2432;1005,34
2433;1002,77
2434;1001,53
2435;1005,33
2436; 988,13
2437;1000,83
2438;1012,21
2439;1007,63
2440;1015,08
2441; 979,95
2442; 987,46
2443; 983,04
2444;1012,77
2445;1016,62
2446; 996,48
2447;1004,08
2448;1003,94
2449; 978,65
2450; 993,75
2451; 994,12
2452; 987,09
2453;1002,91
2454;1010,35
2455; 990,01
2456; 996,76
2457; 998,82
2458;1001,00
2459;1006,93
2460; 979,84
2461; 986,34
2462;1011,66
2463; 999,19
2464;1006,19
2465;1009,28
2466;1001,40
2467; 999,01
2468;1000,20
2469;1004,57
2470; 993,01
2471; 999,82
2472; 999,26
2473; 981,02
2474; 997,81
2475; 996,43
2476; 996,15
2477;1009,71
2478; 991,24
2479;1006,15
2480; 980,75
2481; 990,42
2482; 981,90
2483; 999,25
2484; 968,74
2485; 999,23
2486; 994,55
2487; 988,04
2488;1007,15
2489; 997,87
2490; 973,89
2491; 994,18
2492; 979,93
2493; 999,00
2494; 991,87
2495;1003,89
2496; 994,97
2497;1004,68
2498;1003,94
2499;1008,66
2500;1001,56
2501; 989,73
2502;1001,55
2503;1000,45
2504;1005,01
2505; 991,83
2506; 990,93
2507; 991,90
2508;1015,07
2509; 986,05
2510; 998,61
2511;1009,73
2512; 978,75
2513;1004,16
2514;1013,67
2515; 992,83
2516;1009,74
2517; 987,56
2518; 991,69
2519;1005,12
2520; 984,46
2521; 985,09
2522; 996,34
2523; 985,84
2524; 996,56
2525;1004,94
2526; 989,26
2527;1016,00
2528; 993,88
2529; 991,00
2530; 979,01
2531; 992,89
2532;1001,68
2533; 991,28
2534;1004,81
2535; 991,08
2536; 996,26
2537;1008,46
2538; 994,75
2539;1000,51
2540;1008,33
2541;1002,83
2542; 988,59
2543; 994,95
2544; 993,09
2545;1015,43
2546; 975,48
2547;1003,73
2548; 973,26
2549; 995,66
2550; 999,08
2551; 992,59
2552;1003,62
2553;1002,32
2554; 995,64
2555; 990,59
2556; 987,02
2557; 992,07
2558;1012,83
2559; 987,76
2560; 990,50
2561; 986,94
2562;1010,65
2563; 991,35
2564;1002,59
2565; 997,64
2566; 999,63
2567;1006,95
2568; 988,69
2569; 994,66
2570;1006,36
2571;1009,42
2572;1003,68
2573; 972,07
2574;1002,14
2575; 985,72
2576; 979,52
2577; 992,06
2578; 997,97
2579; 991,08
2580;1010,30
2581; 983,00
2582; 998,41
2583; 995,69
2584; 989,84
2585; 999,31
2586; 991,74
2587;1006,38
2588; 994,47
2589;1003,16
2590; 996,57
2591;1003,18
2592;1001,49
2593; 973,50
2594; 999,42
2595;1000,72
2596;1007,22
2597;1000,47
2598;1002,77
2599; 996,36
2600;1010,17
2601; 996,80
2602;1010,23
2603; 989,83
2604; 989,56
2605;1007,70
2606; 994,22
2607;1001,69
2608;1002,43
2609; 996,83
2610;1012,03
2611;1001,27
2612; 993,64
2613;1007,37
2614; 989,41
2615; 995,42
2616;1004,19
2617; 993,56
2618;1004,42
2619; 983,60
2620; 980,30
2621; 999,23
2622; 994,14
2623;1002,51
2624;1001,93
2625; 995,28
2626; 996,59
2627; 997,81
2628; 994,40
2629;1000,79
2630; 987,62
2631;1012,75
2632; 999,50
2633;1011,36
2634; 991,44
2635; 997,32
2636;1001,27
2637; 985,95
2638; 999,02
2639; 991,97
2640; 999,84
2641; 995,42
2642; 993,23
2643;1012,56
2644; 977,69
2645; 992,21
2646;1009,50
2647;1005,52
2648; 974,02
2649;1001,19
2650;1003,35
2651;1010,79
2652; 985,96
2653; 997,43
2654;1005,54
2655; 989,93
2656;1007,37
2657;1009,81
2658; 996,81
2659;1007,50
2660;1021,40
2661; 995,74
2662; 989,77
2663;1009,88
2664;1010,40
2665; 994,17
2666; 993,77
2667; 994,66
2668; 994,87
2669;1000,36
2670; 989,65
2671;1002,16
2672;1009,47
2673; 992,74
2674;1000,39
2675; 967,39
2676; 991,82
2677; 987,16
2678; 985,55
2679;1007,26
2680; 999,60
2681;1000,37
2682; 995,39
2683;1012,66
2684; 982,83
2685;1008,84
2686;1021,46
2687;1006,29
2688;1000,18
2689; 995,24
2690; 995,09
2691; 989,95
2692;1004,60
2693; 999,91
2694;1009,77
2695; 994,31
2696; 989,71
2697; 990,84
2698;1001,81
2699; 997,62
2700;1018,62
2701; 995,48
2702; 991,93
2703; 980,43
2704;1005,81
2705; 990,77
2706;1008,21
2707;1002,00
2708; 997,61
2709; 991,68
2710;1011,28
2711; 992,15
2712;1012,90
2713;1003,82
2714; 997,69
2715;1002,90
2716; 990,31
2717; 989,01
2718;1011,04
2719;1011,78
2720; 992,71
2721;1026,92
2722;1005,15
2723;1005,31
2724; 999,96
2725; 996,05
2726;1006,39
2727; 994,78
2728;1004,85
2729;1001,66
2730; 993,96
2731;1022,28
2732;1003,96
2733; 996,62
2734; 987,74
2735; 993,00
2736; 995,24
2737;1011,33
2738;1003,87
2739; 985,33
2740; 995,73
2741;1006,07
2742;1000,97
2743;1002,73
2744;1008,61
2745; 979,37
2746; 996,62
2747;1005,75
2748; 986,14
2749;1007,21
2750; 991,44
2751; 989,94
2752; 987,52
2753; 996,91
2754; 987,27
2755; 998,23
2756; 995,60
2757;1005,74
2758;1014,32
2759;1009,19
2760;1010,16
2761; 988,10
2762;1002,16
2763; 997,03
2764; 999,28
2765; 990,47
2766;1009,34
2767; 996,97
2768;1003,96
2769; 986,21
2770; 997,13
2771;1001,26
2772; 995,03
2773; 985,74
2774; 989,62
2775; 981,73
2776; 997,66
2777;1000,89
2778; 994,87
2779; 993,06
2780; 989,64
2781; 988,96
2782; 986,73
2783; 998,68
2784; 995,30
2785;1006,68
2786; 999,55
2787; 985,46
2788;1010,30
2789;1001,83
2790;1007,44
2791; 987,52
2792; 992,62
2793; 987,49
2794;1013,85
2795;1021,08
2796; 989,14
2797; 997,27
2798;1018,61
2799; 988,14
2800; 995,01
2801; 979,10
2802; 986,43
2803; 996,77
2804;1019,28
2805; 986,03
2806; 991,39
2807;1002,32
2808; 999,61
2809;1002,97
2810;1000,29
2811;1007,87
2812; 999,07
2813; 988,36
2814; 997,91
2815;1020,84
2816;1006,68
2817; 995,64
2818;1004,61
2819; 995,96
2820;1013,26
2821; 996,71
2822; 997,41
2823; 994,32
2824; 987,47
2825;1017,43
2826; 992,48
2827;1006,17
2828; 993,02
2829; 998,35
2830;1001,33
2831; 990,53
2832;1008,73
2833; 992,57
2834; 983,70
2835; 994,40
2836;1010,45
2837; 996,05
2838;1000,45
2839; 993,65
2840;1003,42
2841; 989,53
2842;1005,28
2843; 988,19
2844;1010,92
2845;1010,43
2846; 985,11
2847; 990,23
2848; 987,72
2849;1006,21
2850;1005,11
2851;1000,43
2852;1001,07
2853; 987,61
2854;1015,23
2855; 994,37
2856;1022,54
2857;1015,95
2858;1004,48
2859;1005,38
2860;1011,71
2861; 996,76
2862; 978,25
2863; 990,23
2864; 966,37
2865; 973,25
2866; 991,00
2867; 995,84
2868; 995,76
2869; 997,28
2870; 998,52
2871; 996,00
2872;1016,07
2873;1001,79
2874; 992,01
2875; 999,59
2876; 992,06
2877; 992,51
2878; 996,99
2879;1009,04
2880;1011,05
2881; 997,98
2882;1014,07
2883; 998,18
2884;1001,20
2885;1009,66
2886; 982,36
2887; 995,79
2888; 989,46
2889;1016,76
2890; 985,96
2891;1006,52
2892; 986,05
2893; 997,45
2894; 994,99
2895;1004,42
2896;1004,91
2897; 992,97
2898;1011,40
2899; 986,40
2900; 995,61
2901; 995,35
2902;1002,18
2903;1011,57
2904; 988,90
2905; 980,44
2906; 977,69
2907;1006,81
2908;1000,98
2909;1004,96
2910; 989,62
2911;1001,93
2912;1001,86
2913;1010,11
2914;1014,25
2915;1004,23
2916;1008,24
2917;1001,97
2918;1006,40
2919;1006,28
2920; 999,36
2921; 978,32
2922;1000,10
2923;1018,01
2924; 981,49
2925; 995,29
2926; 999,78
2927; 994,08
2928; 981,15
2929;1019,54
2930;1006,38
2931;1000,96
2932;1014,06
2933; 988,05
2934; 998,92
2935;1006,83
2936; 990,87
2937; 987,56
2938;1000,01
2939; 997,51
2940; 999,08
2941; 999,57
2942; 986,13
2943; 995,81
2944;1002,88
2945;1002,21
2946;1005,59
2947; 983,75
2948;1000,86
2949;1002,61
2950; 987,67
2951;1000,04
2952; 976,03
2953;1004,22
2954; 988,12
2955; 997,47
2956;1005,25
2957; 988,50
2958; 994,07
2959; 979,24
2960; 993,92
2961; 981,49
2962;1000,11
2963;1005,29
2964; 991,83
2965; 987,15
2966; 989,22
2967; 989,42
2968;1001,03
2969; 972,41
2970; 994,38
2971;1003,88
2972; 994,63
2973; 974,96
2974; 985,08
2975;1000,50
2976; 991,81
2977;1018,01
2978;1004,06
2979; 998,40
2980; 981,90
2981;1003,29
2982; 999,10
2983; 982,59
2984; 999,91
2985;1003,20
2986; 998,27
2987; 983,86
2988; 991,18
2989;1005,65
2990; 989,19
2991;1009,78
2992;1015,58
2993; 989,39
2994;1003,24
2995; 998,39
2996; 994,04
2997; 989,04
2998; 998,20
2999; 988,21
3000; 983,56
3001;1000,04
3002;1000,19
3003;1010,45
3004;1004,14
3005; 997,24
3006;1006,73
3007;1000,33
3008; 986,38
3009;1000,45
3010;1002,45
3011;1003,13
3012; 981,80
3013; 983,85
3014; 993,10
3015; 995,71
3016; 996,44
3017;1008,97
3018; 992,75
3019;1005,02
3020; 991,45
3021;1008,93
3022; 995,69
3023;1006,54
3024;1007,24
3025; 985,93
3026; 994,90
3027; 993,30
3028; 998,32
3029;1014,97
3030; 989,14
3031;1018,34
3032; 993,25
3033; 995,89
3034; 995,52
3035;1000,34
3036; 984,88
3037; 995,45
3038; 986,04
3039; 991,72
3040; 998,91
3041; 998,43
3042; 993,14
3043;1006,27
3044; 990,07
3045;1004,77
3046; 996,56
3047; 994,26
3048;1000,62
3049;1001,73
3050;1004,20
3051; 987,96
3052; 996,52
3053; 998,77
3054; 988,18
3055; 998,67
3056; 984,80
3057;1003,66
3058;1001,12
3059;1012,53
3060; 997,40
3061; 989,30
3062;1004,74
3063;1003,23
3064; 977,71
3065; 985,20
3066; 998,95
3067; 994,86
3068;1009,29
3069; 996,55
3070;1001,55
3071; 998,33
3072;1005,86
3073;1006,07
3074; 999,95
3075; 999,30
3076;1014,83
3077; 990,61
3078; 996,89
3079; 983,15
3080; 985,37
3081;1014,12
3082;1000,88
3083;1004,51
3084;1015,12
3085;1009,03
3086;1002,27
3087; 999,61
3088;1019,01
3089;1002,47
3090;1000,68
3091;1002,02
3092; 991,38
3093; 986,63
3094; 997,72
3095;1009,78
3096; 999,16
3097; 995,98
3098;1003,85
3099; 973,66
3100; 990,32
3101; 998,18
3102; 992,15
3103; 997,77
3104; 997,75
3105; 992,95
3106; 998,06
3107; 999,85
3108; 999,63
3109; 987,49
3110; 986,31
3111;1009,45
3112;1015,45
3113;1009,08
3114; 996,73
3115;1001,05
3116;1001,23
3117;1001,16
3118; 997,78
3119;1007,44
3120;1004,03
3121;1019,74
3122; 999,88
3123; 980,69
3124; 978,97
3125; 984,11
3126;1009,85
3127; 998,81
3128; 991,21
3129; 983,63
3130;1006,37
3131; 998,13
3132;1000,34
3133;1004,60
3134;1009,09
3135; 994,93
3136; 999,51
3137; 990,17
3138;1004,38
3139;1009,98
3140;1001,95
3141;1001,89
3142;1000,71
3143; 988,99
3144; 997,63
3145; 996,15
3146; 994,16
3147;1031,14
3148; 997,57
3149; 999,84
3150; 996,41
3151;1005,66
3152;1004,18
3153;1015,73
3154; 987,36
3155; 989,38
3156;1004,87
3157; 992,67
3158;1003,62
3159;1005,71
3160;1002,05
3161; 987,65
3162;1007,32
3163; 991,93
3164; 997,44
3165; 990,01
3166; 991,78
3167;1011,51
3168; 995,40
3169;1005,17
3170;1003,93
3171;1001,94
3172;1009,40
3173;1010,92
3174; 998,20
3175; 971,32
3176; 998,75
3177; 984,57
3178;1013,52
3179;1000,36
3180; 991,50
3181; 980,48
3182;1020,30
3183; 992,58
3184; 980,09
3185; 981,45
3186;1012,10
3187;1001,40
3188; 985,98
3189;1000,55
3190; 997,97
3191; 998,90
3192; 982,62
3193;1003,77
3194;1005,64
3195;1010,39
3196; 993,83
3197; 994,17
3198;1003,98
3199;1008,49
3200;1003,63
3201;1000,36
3202; 998,02
3203;1000,14
3204;1001,83
3205; 975,76
3206; 988,85
3207;1008,37
3208; 971,72
3209;1005,99
3210; 997,94
3211; 998,21
3212; 989,71
3213;1006,56
3214; 999,78
3215;1014,57
3216;1003,19
3217; 997,26
3218;1004,87
3219;1006,11
3220; 998,98
3221; 998,88
3222; 991,42
3223; 998,75
3224;1001,66
3225; 990,60
3226;1010,34
3227; 988,02
3228; 999,32
3229; 990,70
3230; 986,30
3231;1015,52
3232; 991,04
3233; 990,70
3234; 988,58
3235; 997,29
3236;1007,27
3237; 987,57
3238; 990,33
3239;1001,88
3240;1008,16
3241;1001,78
3242; 981,95
3243; 994,74
3244; 990,64
3245; 988,61
3246;1019,48
3247; 986,23
3248; 987,94
3249;1001,27
3250;1005,41
3251; 985,65
3252; 996,65
3253;1004,40
3254;1008,94
3255; 999,68
3256; 985,61
3257; 995,65
3258; 983,05
3259; 998,42
3260; 986,50
3261;1000,79
3262; 997,50
3263;1013,99
3264;1003,63
3265;1006,92
3266; 997,83
3267; 987,84
3268; 993,79
3269;1011,01
3270;1012,43
3271; 973,64
3272; 981,12
3273; 999,74
3274; 998,01
3275; 994,45
3276;1011,58
3277; 995,34
3278;1006,24
3279; 998,41
3280;1008,88
3281; 994,93
3282; 989,81
3283; 983,68
3284;1003,86
3285; 985,15
3286;1015,58
3287; 998,01
3288; 989,36
3289; 994,52
3290; 983,72
3291;1012,72
3292; 998,61
3293; 984,89
3294;1007,27
3295; 999,05
3296; 999,70
3297; 967,47
3298;1002,27
3299; 993,73
3300;1007,57
3301;1010,06
3302;1016,14
3303; 995,66
3304;1006,79
3305; 989,28
3306;1007,22
3307; 995,91
3308; 990,94
3309;1006,46
3310; 988,10
3311; 998,54
3312; 992,41
3313;1004,03
3314;1006,43
3315; 993,73
3316;1010,86
3317;1006,41
3318;1001,60
3319; 994,50
3320; 996,23
3321;1007,16
3322; 992,79
3323; 998,04
3324;1003,00
3325;1000,59
3326;1000,23
3327; 997,87
3328; 987,70
3329; 998,49
3330; 991,58
3331;1002,03
3332;1020,38
3333; 991,24
3334;1001,48
3335; 991,91
3336; 988,26
3337; 993,90
3338;1000,06
3339;1014,94
3340; 993,34
3341; 980,38
3342; 998,83
3343;1000,45
3344; 995,98
3345; 990,83
3346;1005,97
3347; 998,17
3348; 989,60
3349;1000,56
3350;1000,42
3351; 983,82
3352; 983,31
3353; 997,96
3354;1008,88
3355;1004,63
3356;1009,99
3357;1002,01
3358; 997,92
3359; 996,17
3360; 998,67
3361; 991,41
3362; 991,11
3363; 998,07
3364;1012,48
3365;1004,99
3366; 999,59
3367; 995,57
3368;1011,13
3369; 995,21
3370;1011,07
3371; 997,19
3372; 995,50
3373; 977,46
3374; 989,80
3375;1003,67
3376;1004,55
3377; 999,20
3378; 979,73
3379; 997,86
3380; 982,12
3381; 980,34
3382; 994,34
3383; 997,09
3384; 992,81
3385; 992,04
3386; 995,66
3387; 996,26
3388;1010,59
3389; 987,82
3390;1001,98
3391; 991,43
3392; 989,97
3393; 982,10
3394; 988,89
3395;1000,08
3396; 993,77
3397; 992,13
3398; 990,12
3399;1005,34
3400; 999,65
3401; 993,56
3402;1007,18
3403; 999,24
3404;1003,39
3405; 995,18
3406; 998,75
3407; 978,57
3408; 982,06
3409;1000,50
3410;1019,86
3411;1004,11
3412; 990,16
3413;1014,63
3414;1006,89
3415; 999,54
3416; 997,84
3417;1007,29
3418; 984,79
3419; 977,13
3420; 999,46
3421; 993,99
3422;1006,46
3423; 990,77
3424; 988,13
3425; 986,52
3426; 988,74
3427; 981,13
3428; 982,72
3429; 995,14
3430;1002,76
3431;1006,12
3432;1005,06
3433;1005,27
3434; 997,43
3435; 995,55
3436; 990,56
3437; 992,20
3438; 992,53
3439;1017,51
3440; 999,71
3441; 998,26
3442;1012,15
3443;1001,29
3444;1004,10
3445; 991,66
3446;1008,39
3447;1002,61
3448; 977,82
3449; 998,64
3450; 997,05
3451;1002,89
3452;1010,40
3453; 991,60
3454; 991,60
3455;1022,05
3456; 989,44
3457;1013,21
3458;1000,50
3459; 992,99
3460; 991,59
3461; 999,40
3462; 992,05
3463; 989,66
3464; 986,72
3465;1003,80
3466; 990,83
3467; 997,14
3468;1005,27
3469; 997,32
3470; 997,34
3471;1016,33
3472;1012,88
3473;1000,02
3474;1006,19
3475;1019,62
3476; 984,70
3477;1006,80
3478; 988,52
3479;1012,08
3480;1001,01
3481; 999,69
3482; 988,90
3483; 999,85
3484;1006,28
3485; 985,87
3486;1012,19
3487; 988,47
3488;1005,97
3489; 989,23
3490; 998,74
3491; 996,97
3492; 990,16
3493; 999,11
3494;1002,17
3495;1001,96
3496;1015,24
3497;1000,83
3498;1010,07
3499; 987,82
3500;1003,77
3501;1003,94
3502; 993,88
3503; 979,41
3504; 998,04
3505; 985,08
3506; 993,37
3507;1012,64
3508;1002,65
3509;1007,98
3510; 999,44
3511;1000,73
3512; 995,42
3513;1005,31
3514;1001,49
3515; 995,84
3516; 999,03
3517;1004,43
3518; 992,30
3519; 991,21
3520;1002,42
3521; 992,74
3522; 992,01
3523;1006,67
3524;1008,56
3525; 994,19
3526; 995,55
3527; 980,94
3528; 995,88
3529;1006,73
3530;1007,99
3531; 998,71
3532; 991,77
3533;1008,74
3534;1004,49
3535;1002,13
3536;1000,18
3537;1002,66
3538;1001,24
3539;1007,63
3540; 995,72
3541;1006,30
3542; 991,96
3543; 990,95
3544;1003,65
3545;1002,78
3546;1004,75
3547;1006,27
3548; 998,03
3549;1026,90
3550;1009,36
3551; 987,07
3552; 996,41
3553;1003,34
3554;1000,83
3555;1011,76
3556; 989,49
3557; 997,38
3558; 989,12
3559; 982,94
3560; 998,09
3561;1003,01
3562; 992,44
3563;1006,66
3564; 985,40
3565;1000,40
3566; 980,86
3567; 991,10
3568; 991,45
3569; 983,05
3570;1005,52
3571; 986,30
3572;1010,89
3573;1003,90
3574;1012,82
3575; 994,98
3576; 985,92
3577; 992,98
3578;1008,01
3579; 997,11
3580; 996,65
3581; 996,21
3582; 991,09
3583; 997,08
3584; 988,37
3585;1007,73
3586; 972,13
3587; 992,19
3588; 996,25
3589; 996,51
3590; 982,65
3591; 980,92
3592; 990,76
3593;1004,75
3594; 994,41
3595;1007,55
3596; 989,26
3597;1007,53
3598; 999,27
3599;1000,50
3600; 992,71
3601; 997,83
3602; 996,93
3603; 998,06
3604; 995,11
3605;1002,05
3606; 991,38
3607;1022,43
3608;1005,00
3609;1004,95
3610; 995,03
3611; 991,85
3612;1000,18
3613; 997,43
3614;1000,48
3615; 990,28
3616; 994,77
3617; 995,19
3618; 998,93
3619;1010,50
3620;1011,28
3621;1002,21
3622;1017,39
3623;1006,30
3624; 985,04
3625; 990,27
3626;1003,50
3627; 998,81
3628; 992,39
3629; 989,83
3630;1000,88
3631;1003,06
3632;1001,06
3633;1004,96
3634; 992,67
3635;1013,28
3636;1011,79
3637;1009,47
3638; 988,73
3639; 989,09
3640;1005,74
3641;1000,76
3642;1000,70
3643; 983,46
3644; 998,95
3645;1002,96
3646;1000,90
3647; 981,88
3648;1003,56
3649;1002,32
3650; 985,83
3651;1002,61
3652;1029,69
3653;1004,99
3654; 999,12
3655; 983,25
3656; 996,57
3657; 990,39
3658; 991,48
3659; 982,60
3660; 993,17
3661; 994,57
3662; 998,55
3663; 991,03
3664;1022,84
3665; 999,61
3666;1018,22
3667;1005,02
3668; 992,95
3669; 998,77
3670;1012,51
3671; 998,35
3672; 996,30
3673; 990,74
3674;1003,05
3675; 996,40
3676; 997,09
3677;1003,11
3678; 999,05
3679; 995,31
3680; 992,56
3681; 990,88
3682; 987,89
3683; 991,46
3684; 989,66
3685; 979,93
3686; 980,07
3687;1018,90
3688; 995,71
3689; 995,78
3690; 992,09
3691;1002,29
3692; 991,99
3693;1002,26
3694;1010,71
3695;1011,98
3696; 996,29
3697; 995,66
3698;1017,99
3699; 988,05
3700;1010,12
3701;1007,50
3702;1007,97
3703; 991,21
3704;1004,64
3705;1007,46
3706; 990,14
3707; 979,26
3708; 992,79
3709;1008,10
3710;1008,06
3711;1021,03
3712;1009,16
3713;1002,25
3714; 992,57
3715;1003,26
3716;1000,65
3717;1001,03
3718;1009,41
3719; 997,97
3720; 990,11
3721; 993,20
3722; 989,92
3723;1003,91
3724;1007,83
3725;1001,10
3726;1001,06
3727; 990,17
3728;1001,01
3729; 994,11
3730; 991,74
3731; 991,87
3732; 987,99
3733;1006,05
3734; 994,95
3735; 995,14
3736; 999,06
3737; 994,57
3738;1011,00
3739;1000,13
3740; 974,83
3741; 999,64
3742; 985,65
3743;1001,33
3744; 994,00
3745; 992,88
3746; 989,01
3747; 993,95
3748; 990,51
3749; 998,66
3750;1003,55
3751;1000,67
3752; 992,81
3753; 968,14
3754; 993,15
3755;1004,71
3756;1003,92
3757; 994,35
3758;1011,28
3759;1004,20
3760; 999,54
3761; 992,62
3762; 967,12
3763;1010,67
3764;1004,23
3765; 997,89
3766;1000,74
3767;1007,20
3768;1002,46
3769; 997,99
3770; 987,20
3771;1008,50
3772;1000,50
3773; 980,15
3774;1007,84
3775; 984,60
3776; 992,73
3777;1006,75
3778; 993,70
3779;1004,08
3780;1002,00
3781;1015,13
3782;1002,04
3783;1007,68
3784; 997,38
3785; 989,57
3786;1003,50
3787;1000,17
3788;1010,08
3789;1004,37
3790; 989,78
3791; 993,65
3792; 997,88
3793; 992,31
3794; 998,79
3795; 994,53
3796;1002,67
3797;1006,69
3798; 982,70
3799;1005,21
3800;1006,53
3801; 993,04
3802; 991,88
3803; 984,05
3804;1007,75
3805; 994,88
3806; 989,05
3807;1008,08
3808;1005,25
3809; 996,99
3810;1011,10
3811;1000,37
3812; 979,93
3813;1017,20
3814;1001,70
3815;1001,51
3816; 979,09
3817;1007,53
3818; 993,77
3819; 988,68
3820;1009,74
3821;1005,96
3822; 988,30
3823; 987,77
3824;1014,98
3825; 988,88
3826;1002,10
3827;1002,48
3828;1011,52
3829; 981,32
3830;1000,41
3831; 988,28
3832; 999,58
3833; 988,93
3834; 997,96
3835;1008,87
3836; 969,51
3837;1005,97
3838; 980,71
3839; 995,17
3840;1006,54
3841; 990,26
3842;1002,02
3843;1001,99
3844; 995,90
3845;1005,71
3846;1018,68
3847; 991,00
3848; 979,17
3849; 976,25
3850;1011,95
3851; 982,83
3852; 997,18
3853; 994,32
3854; 993,55
3855;1009,88
3856; 987,27
3857;1007,98
3858; 986,94
3859; 989,57
3860; 994,13
3861; 992,90
3862;1003,30
3863; 995,57
3864; 991,07
3865; 990,11
3866;1014,59
3867; 988,88
3868;1008,10
3869;1008,06
3870; 994,92
3871;1010,20
3872; 991,71
3873; 999,96
3874; 997,42
3875;1008,11
3876; 979,87
3877;1001,31
3878; 992,12
3879;1002,11
3880; 995,01
3881; 992,72
3882; 990,26
3883; 995,25
3884; 970,71
3885;1018,05
3886; 980,58
3887;1002,21
3888; 997,85
3889; 986,53
3890; 984,79
3891;1010,13
3892;1004,32
3893; 989,83
3894; 984,14
3895; 995,39
3896;1006,30
3897; 993,71
3898; 996,22
3899;1004,98
3900;1005,52
3901;1001,97
3902;1012,07
3903; 990,79
3904; 976,46
3905; 986,36
3906;1015,50
3907;1005,80
3908; 998,01
3909; 994,55
3910; 989,20
3911;1009,41
3912; 999,40
3913; 988,94
3914;1003,01
3915;1001,86
3916; 990,26
3917; 995,74
3918;1004,24
3919; 983,60
3920; 995,36
3921; 998,77
3922;1003,42
3923;1011,80
3924; 999,09
3925;1004,60
3926; 995,18
3927;1001,60
3928;1011,29
3929;1001,67
3930;1004,74
3931;1001,82
3932; 996,42
3933;1006,33
3934;1003,46
3935;1004,65
3936; 991,26
3937;1002,44
3938; 997,87
3939; 995,84
3940; 987,46
3941;1006,59
3942; 992,74
3943;1002,41
3944; 990,08
3945;1004,86
3946;1007,10
3947; 988,26
3948; 992,59
3949;1001,72
3950;1001,87
3951; 993,27
3952;1014,16
3953; 984,12
3954;1002,33
3955; 996,71
3956; 982,95
3957;1010,17
3958;1002,69
3959;1003,75
3960;1014,62
3961;1006,70
3962; 991,04
3963;1010,27
3964;1002,09
3965; 994,70
3966;1021,31
3967; 996,81
3968;1008,38
3969; 981,02
3970;1014,44
3971; 985,74
3972;1003,35
3973;1013,31
3974; 988,40
3975; 990,90
3976; 990,44
3977;1026,70
3978; 983,34
3979; 985,59
3980;1011,75
3981; 982,46
3982; 997,60
3983; 994,04
3984; 994,46
3985; 978,74
3986; 990,31
3987; 993,00
3988;1016,04
3989; 996,43
3990; 988,79
3991; 990,02
3992;1001,89
3993; 980,00
3994;1008,79
3995; 996,53
3996;1009,02
3997; 997,14
3998; 985,07
3999;1012,48
4000;1002,13
4001; 996,00
4002; 985,61
4003; 987,70
4004; 992,37
4005;1013,71
4006;1014,31
4007; 990,64
4008; 982,45
4009; 984,28
4010;1007,60
4011; 995,43
4012; 996,44
4013; 980,22
4014;1003,70
4015;1011,10
4016;1004,37
4017;1003,27
4018; 992,82
4019; 985,25
4020; 996,66
4021;1000,63
4022; 986,93
4023; 998,14
4024;1004,33
4025; 989,60
4026;1000,27
4027; 997,31
4028;1008,27
4029; 992,81
4030;1001,89
4031; 997,15
4032; 982,10
4033; 999,49
4034;1002,09
4035; 989,18
4036; 988,74
4037; 990,42
4038; 990,55
4039; 983,03
4040;1001,13
4041; 985,97
4042;1000,77
4043; 996,20
4044; 990,55
4045;1014,71
4046; 982,86
4047;1007,84
4048;1013,79
4049; 995,39
4050; 984,04
4051;1008,60
4052; 997,44
4053;1000,14
4054; 984,79
4055; 999,79
4056; 978,38
4057; 998,13
4058; 996,09
4059;1000,99
4060; 987,96
4061;1001,22
4062; 996,84
4063;1004,19
4064;1017,91
4065;1004,10
4066; 992,97
4067; 996,12
4068;1004,55
4069; 992,69
4070; 981,65
4071; 996,84
4072;1003,73
4073;1015,76
4074;1001,39
4075; 984,02
4076;1000,05
4077;1003,88
4078;1005,14
4079; 999,52
4080; 987,00
4081;1002,96
4082; 968,41
4083;1014,47
4084;1005,29
4085;1023,36
4086; 995,12
4087; 994,73
4088; 999,95
4089; 997,22
4090; 984,48
4091;1005,69
4092;1003,22
4093;1019,65
4094;1005,69
4095; 972,28
4096; 986,86
4097; 999,48
4098;1009,81
4099;1004,67
4100;1019,44
4101; 994,48
4102;1015,27
4103; 995,24
4104; 990,92
4105; 992,55
4106; 989,90
4107; 988,52
4108;1011,73
4109; 999,12
4110; 983,36
4111; 999,86
4112;1007,42
4113; 990,16
4114; 989,47
4115;1011,44
4116; 972,89
4117; 998,70
4118;1002,06
4119; 995,96
4120; 987,91
4121;1007,10
4122;1005,43
4123; 995,97
4124; 993,65
4125;1007,95
4126; 989,25
4127;1001,45
4128;1006,75
4129; 976,38
4130; 997,32
4131; 996,54
4132; 977,36
4133; 991,83
4134;1009,57
4135;1001,12
4136;1010,34
4137;1000,98
4138;1011,67
4139; 990,70
4140;1001,34
4141; 988,02
4142; 994,48
4143; 988,35
4144;1005,24
4145; 998,46
4146; 995,15
4147; 998,44
4148; 989,90
4149; 981,36
4150; 976,32
4151;1005,78
4152; 990,99
4153; 974,98
4154; 994,99
4155; 999,47
4156;1002,99
4157; 982,59
4158;1007,14
4159;1010,83
4160;1000,17
4161;1003,05
4162; 998,25
4163; 993,09
4164; 987,66
4165;1010,22
4166; 990,71
4167; 993,97
4168; 979,65
4169; 998,96
4170; 987,96
4171; 995,35
4172;1008,42
4173; 995,92
4174;1007,06
4175; 997,87
4176; 985,39
4177; 999,04
4178; 989,38
4179;1008,87
4180; 990,35
4181; 997,74
4182;1002,40
4183; 974,81
4184; 999,28
4185; 996,55
4186;1000,16
4187; 997,47
4188;1007,10
4189; 995,85
4190; 994,12
4191; 993,45
4192;1013,57
4193; 984,74
4194; 966,34
4195;1003,86
4196;1003,80
4197; 992,60
4198;1003,26
4199;1019,12
4200; 991,87
4201;1007,84
4202;1005,79
4203; 993,84
4204;1002,28
4205;1005,47
4206; 983,58
4207; 993,35
4208; 995,68
4209;1014,20
4210;1005,93
4211;1002,76
4212;1007,37
4213;1008,24
4214; 995,59
4215; 993,44
4216; 998,23
4217; 981,17
4218;1018,06
4219; 996,59
4220;1010,33
4221;1003,06
4222; 999,99
4223; 999,80
4224; 979,03
4225; 995,63
4226;1005,91
4227;1009,01
4228; 995,02
4229; 993,85
4230; 983,84
4231;1021,96
4232; 992,66
4233;1010,22
4234;1007,57
4235; 988,92
4236; 992,76
4237; 996,13
4238;1007,80
4239;1004,51
4240; 999,92
4241; 988,28
4242; 991,36
4243; 992,02
4244; 995,19
4245; 997,04
4246;1009,83
4247;1015,01
4248;1005,35
4249; 999,33
4250; 999,72
4251;1001,37
4252;1017,30
4253; 996,98
4254;1006,33
4255;1010,31
4256; 993,14
4257;1006,55
4258;1019,52
4259; 983,11
4260; 999,96
4261;1013,30
4262; 999,03
4263;1007,81
4264;1012,62
4265; 999,64
4266; 986,65
4267;1011,56
4268; 992,72
4269;1011,68
4270; 994,86
4271; 997,78
4272;1006,11
4273; 999,37
4274;1002,46
4275;1011,46
4276;1021,64
4277;1021,77
4278;1001,17
4279; 996,34
4280; 994,90
4281;1011,70
4282;1009,37
4283;1010,08
4284;1008,76
4285;1006,82
4286; 996,12
4287;1000,16
4288; 996,22
4289;1000,33
4290;1003,48
4291; 996,31
4292;1007,62
4293; 988,92
4294; 979,99
4295;1002,19
4296;1017,20
4297; 999,20
4298; 991,14
4299;1001,20
4300;1002,61
4301; 990,12
4302; 999,89
4303;1015,23
4304; 998,86
4305; 994,57
4306;1018,64
4307;1012,69
4308; 992,67
4309; 987,60
4310; 990,48
4311;1005,41
4312;1002,90
4313; 993,86
4314; 999,40
4315; 980,17
4316; 989,88
4317;1004,43
4318;1007,14
4319;1024,80
4320;1008,33
4321; 990,16
4322;1010,52
4323; 993,48
4324;1003,90
4325; 993,88
4326; 994,75
4327; 991,01
4328; 987,90
4329; 987,97
4330;1008,56
4331;1011,62
4332;1000,64
4333; 989,41
4334;1020,93
4335; 986,84
4336; 999,93
4337;1004,58
4338; 997,16
4339; 982,43
4340; 987,16
4341; 997,00
4342; 998,56
4343; 995,12
4344;1000,18
4345; 991,50
4346;1005,81
4347; 992,74
4348;1003,54
4349;1002,01
4350; 997,46
4351;1000,66
4352;1005,02
4353; 992,77
4354; 986,39
4355; 986,08
4356; 990,88
4357;1013,65
4358;1008,07
4359; 997,66
4360; 991,88
4361;1026,84
4362; 997,10
4363; 991,16
4364;1005,97
4365; 994,15
4366; 994,00
4367; 971,21
4368; 997,24
4369;1006,48
4370;1008,21
4371; 998,78
4372; 979,67
4373; 986,53
4374;1003,92
4375;1001,00
4376;1003,13
4377;1013,70
4378;1009,16
4379; 985,12
4380;1003,59
4381;1020,60
4382; 980,58
4383;1013,80
4384;1023,58
4385; 996,28
4386; 992,35
4387; 997,64
4388; 992,95
4389; 990,85
4390;1005,86
4391;1002,63
4392; 993,95
4393;1002,97
4394; 996,68
4395;1020,71
4396; 985,99
4397; 993,24
4398;1013,54
4399;1020,10
4400; 999,95
4401;1001,41
4402; 994,80
4403; 992,44
4404;1007,86
4405; 983,08
4406;1001,90
4407;1009,69
4408; 993,77
4409;1007,88
4410; 994,69
4411;1003,56
4412; 978,05
4413; 995,68
4414; 995,38
4415; 986,85
4416; 998,54
4417;1011,48
4418; 993,71
4419; 988,22
4420; 993,90
4421; 984,04
4422; 985,41
4423; 991,72
4424; 997,60
4425;1003,30
4426; 993,20
4427; 995,08
4428; 992,67
4429; 982,54
4430;1007,72
4431; 989,07
4432; 991,16
4433;1003,74
4434; 997,42
4435; 989,75
4436; 995,33
4437; 996,33
4438;1004,27
4439; 990,31
4440;1004,27
4441;1001,20
4442; 990,94
4443;1001,32
4444;1003,72
4445;1006,06
4446;1011,99
4447;1005,37
4448; 993,79
4449; 995,19
4450; 985,62
4451; 996,90
4452;1006,65
4453; 992,60
4454;1015,90
4455;1002,13
4456; 999,84
4457;1011,44
4458;1004,04
4459;1014,67
4460; 983,28
4461;1003,03
4462; 989,48
4463; 998,69
4464;1008,04
4465; 983,56
4466; 987,02
4467;1020,12
4468; 994,61
4469; 993,87
4470;1008,92
4471; 999,47
4472; 993,83
4473;1011,91
4474;1003,18
4475;1000,31
4476;1003,58
4477; 990,75
4478; 990,31
4479;1018,91
4480;1001,52
4481; 993,31
4482;1006,42
4483;1003,30
4484;1004,90
4485; 999,62
4486;1000,85
4487; 997,10
4488; 985,08
4489; 991,59
4490; 983,27
4491; 996,45
4492;1001,45
4493;1004,38
4494;1007,11
4495; 988,45
4496; 989,15
4497; 992,57
4498; 995,22
4499; 999,86
4500;1477,90
4501;1498,69
4502;1481,74
4503;1530,70
4504;1488,97
4505;1531,00
4506;1497,30
4507;1495,80
4508;1462,65
4509;1507,76
4510;1490,85
4511;1476,36
4512;1473,87
4513;1498,27
4514;1483,31
4515;1521,27
4516;1517,49
4517;1452,81
4518;1451,59
4519;1497,97
4520;1530,83
4521;1479,68
4522;1569,72
4523;1473,40
4524;1482,55
4525;1494,67
4526;1530,09
4527;1521,26
4528;1483,77
4529;1508,66
4530;1464,75
4531;1507,45
4532;1515,87
4533;1488,13
4534;1532,40
4535;1505,60
4536;1482,72
4537;1499,16
4538;1441,96
4539;1467,75
4540;1513,54
4541;1527,89
4542;1526,85
4543;1484,54
4544;1468,15
4545;1498,40
4546;1542,67
4547;1445,07
4548;1480,98
4549;1517,14
4550;1519,47
4551;1504,26
4552;1473,18
4553;1467,08
4554;1513,36
4555;1499,04
4556;1492,27
4557;1529,95
4558;1498,93
4559;1544,10
4560;1473,50
4561;1492,31
4562;1537,75
4563;1513,16
4564;1471,99
4565;1502,98
4566;1530,19
4567;1490,21
4568;1462,80
4569;1504,64
4570;1508,52
4571;1516,67
4572;1559,51
4573;1523,57
4574;1473,27
4575;1506,03
4576;1457,84
4577;1482,02
4578;1476,21
4579;1506,61
4580;1530,96
4581;1499,98
4582;1458,48
4583;1532,96
4584;1534,19
4585;1546,29
4586;1470,13
4587;1499,62
4588;1491,16
4589;1532,17
4590;1483,76
4591;1467,41
4592;1514,56
4593;1536,39
4594;1516,49
4595;1501,21
4596;1518,17
4597;1475,89
4598;1461,47
4599;1472,00
4600;1483,32
4601;1493,99
4602;1527,41
4603;1517,06
4604;1490,88
4605;1530,81
4606;1534,42
4607;1463,25
4608;1450,55
4609;1511,39
4610;1498,80
4611;1463,08
4612;1522,96
4613;1495,98
4614;1517,49
4615;1462,78
4616;1498,64
4617;1468,27
4618;1488,48
4619;1526,01
4620;1504,82
4621;1498,52
4622;1527,15
4623;1498,77
4624;1529,39
4625;1493,20
4626;1475,63
4627;1492,36
4628;1515,62
4629;1513,30
4630;1510,17
4631;1493,24
4632;1466,39
4633;1490,84
4634;1510,18
4635;1480,62
4636;1487,77
4637;1556,10
4638;1470,74
4639;1498,79
4640;1454,72
4641;1513,35
4642;1474,55
4643;1494,75
4644;1472,80
4645;1537,38
4646;1491,38
4647;1492,09
4648;1502,57
4649;1466,80
4650;1434,67
4651;1502,00
4652;1520,87
4653;1477,54
4654;1423,56
4655;1474,19
4656;1481,31
4657;1502,42
4658;1456,21
4659;1482,83
4660;1479,87
4661;1506,58
4662;1487,25
4663;1468,54
4664;1512,53
4665;1504,96
4666;1509,02
4667;1553,60
4668;1481,69
4669;1471,59
4670;1481,66
4671;1517,55
4672;1499,79
4673;1470,52
4674;1505,66
4675;1514,73
4676;1482,72
4677;1518,32
4678;1487,14
4679;1493,08
4680;1471,56
4681;1541,71
4682;1542,65
4683;1472,08
4684;1484,98
4685;1518,65
4686;1529,15
4687;1548,87
4688;1491,56
4689;1502,25
4690;1502,20
4691;1460,88
4692;1487,97
4693;1546,78
4694;1514,54
4695;1527,70
4696;1474,32
4697;1492,81
4698;1507,34
4699;1507,16
4700;1515,77
4701;1493,78
4702;1506,77
4703;1506,19
4704;1466,32
4705;1507,24
4706;1528,35
4707;1510,37
4708;1506,59
4709;1512,41
4710;1524,18
4711;1490,09
4712;1519,21
4713;1439,20
4714;1529,69
4715;1513,00
4716;1472,29
4717;1512,89
4718;1494,21
4719;1446,52
4720;1477,49
4721;1492,39
4722;1505,13
4723;1507,30
4724;1511,34
4725;1454,52
4726;1475,72
4727;1522,24
4728;1525,52
4729;1495,29
4730;1463,69
4731;1483,02
4732;1511,71
4733;1530,23
4734;1492,60
4735;1457,59
4736;1497,64
4737;1505,84
4738;1498,41
4739;1501,56
4740;1499,46
4741;1503,46
4742;1496,58
4743;1493,02
4744;1469,25
4745;1505,41
4746;1485,13
4747;1463,20
4748;1491,48
4749;1515,17
4750;1492,48
4751;1456,18
4752;1495,06
4753;1496,17
4754;1503,53
4755;1496,30
4756;1534,63
4757;1493,93
4758;1500,11
4759;1535,88
4760;1534,52
4761;1498,45
4762;1501,74
4763;1476,26
4764;1463,70
4765;1454,67
4766;1515,93
4767;1487,94
4768;1459,21
4769;1468,23
4770;1518,37
4771;1484,31
4772;1494,69
4773;1442,60
4774;1499,73
4775;1519,46
4776;1465,06
4777;1498,09
4778;1521,93
4779;1514,03
4780;1489,98
4781;1502,89
4782;1478,75
4783;1478,50
4784;1494,38
4785;1501,95
4786;1512,95
4787;1508,48
4788;1492,36
4789;1522,34
4790;1513,07
4791;1495,52
4792;1494,14
4793;1525,89
4794;1534,74
4795;1468,83
4796;1520,50
4797;1486,63
4798;1514,68
4799;1459,90
4800;1512,56
4801;1467,25
4802;1499,70
4803;1435,12
4804;1487,22
4805;1535,65
4806;1461,48
4807;1497,74
4808;1508,01
4809;1480,29
4810;1479,81
4811;1537,50
4812;1512,36
4813;1505,69
4814;1473,82
4815;1477,71
4816;1533,30
4817;1507,38
4818;1501,77
4819;1541,92
4820;1541,63
4821;1503,87
4822;1516,91
4823;1496,64
4824;1502,30
4825;1527,84
4826;1502,05
4827;1552,91
4828;1506,13
4829;1491,04
4830;1491,51
4831;1502,29
4832;1495,67
4833;1539,26
4834;1507,61
4835;1502,97
4836;1487,57
4837;1498,18
4838;1494,57
4839;1537,75
4840;1499,76
4841;1502,82
4842;1512,67
4843;1502,62
4844;1485,49
4845;1453,92
4846;1518,24
4847;1532,07
4848;1502,76
4849;1462,73
4850;1497,03
4851;1488,20
4852;1457,52
4853;1463,35
4854;1527,95
4855;1509,88
4856;1500,69
4857;1520,17
4858;1461,14
4859;1508,42
4860;1499,94
4861;1492,91
4862;1495,23
4863;1448,67
4864;1460,13
4865;1502,47
4866;1541,99
4867;1490,51
4868;1514,36
4869;1442,74
4870;1531,47
4871;1525,87
4872;1472,79
4873;1495,94
4874;1504,38
4875;1484,67
4876;1510,04
4877;1502,94
4878;1519,45
4879;1481,76
4880;1491,80
4881;1518,82
4882;1457,43
4883;1444,13
4884;1507,72
4885;1514,34
4886;1521,01
4887;1454,36
4888;1529,55
4889;1492,80
4890;1486,87
4891;1453,46
4892;1521,57
4893;1511,30
4894;1439,57
4895;1521,58
4896;1539,97
4897;1479,47
4898;1519,29
4899;1501,29
4900;1520,88
4901;1472,56
4902;1498,87
4903;1490,31
4904;1464,55
4905;1484,15
4906;1479,03
4907;1469,30
4908;1507,97
4909;1496,84
4910;1454,08
4911;1533,99
4912;1506,40
4913;1497,43
4914;1489,19
4915;1522,44
4916;1513,94
4917;1505,87
4918;1504,24
4919;1478,22
4920;1508,28
4921;1559,59
4922;1533,40
4923;1495,07
4924;1519,97
4925;1498,49
4926;1507,40
4927;1487,03
4928;1511,27
4929;1557,98
4930;1491,41
4931;1472,47
4932;1469,80
4933;1486,22
4934;1504,86
4935;1491,95
4936;1504,82
4937;1490,49
4938;1473,97
4939;1461,73
4940;1535,39
4941;1498,73
4942;1469,05
4943;1554,39
4944;1492,53
4945;1454,61
4946;1487,70
4947;1542,01
4948;1478,05
4949;1540,00
4950;1477,88
4951;1529,87
4952;1553,96
4953;1471,47
4954;1464,61
4955;1549,12
4956;1470,10
4957;1470,06
4958;1520,13
4959;1530,72
4960;1459,41
4961;1493,64
4962;1487,11
4963;1507,82
4964;1507,52
4965;1489,23
4966;1465,77
4967;1526,83
4968;1539,86
4969;1471,88
4970;1527,33
4971;1456,14
4972;1533,78
4973;1471,45
4974;1514,79
4975;1529,50
4976;1538,84
4977;1475,65
4978;1471,11
4979;1500,61
4980;1459,10
4981;1499,07
4982;1460,04
4983;1486,03
4984;1508,52
4985;1534,63
4986;1492,40
4987;1493,13
4988;1531,88
4989;1503,01
4990;1478,01
4991;1515,98
4992;1521,20
4993;1485,33
4994;1549,34
4995;1499,27
4996;1524,59
4997;1482,69
4998;1523,67
4999;1568,23
5000;1524,10
5001;1548,50
5002;1469,28
5003;1489,98
5004;1513,75
5005;1483,92
5006;1477,25
5007;1525,75
5008;1492,56
5009;1490,93
5010;1520,25
5011;1491,18
5012;1494,81
5013;1510,51
5014;1506,68
5015;1532,26
5016;1512,22
5017;1487,65
5018;1498,22
5019;1501,34
5020;1509,29
5021;1483,86
5022;1500,39
5023;1479,20
5024;1504,92
5025;1474,87
5026;1508,45
5027;1519,03
5028;1494,12
5029;1490,56
5030;1500,19
5031;1567,18
5032;1498,48
5033;1533,96
5034;1476,11
5035;1515,16
5036;1508,30
5037;1546,64
5038;1511,32
5039;1435,98
5040;1507,85
5041;1484,72
5042;1487,12
5043;1518,20
5044;1465,77
5045;1457,39
5046;1496,35
5047;1485,17
5048;1534,43
5049;1456,47
5050;1455,23
5051;1500,78
5052;1519,23
5053;1519,09
5054;1479,31
5055;1482,15
5056;1486,96
5057;1496,15
5058;1490,48
5059;1500,74
5060;1526,72
5061;1494,49
5062;1492,37
5063;1479,32
5064;1512,23
5065;1470,52
5066;1477,65
5067;1485,42
5068;1516,90
5069;1511,04
5070;1478,82
5071;1499,94
5072;1514,25
5073;1495,90
5074;1490,99
5075;1459,08
5076;1479,41
5077;1462,95
5078;1515,85
5079;1525,14
5080;1508,42
5081;1487,49
5082;1492,59
5083;1504,10
5084;1464,00
5085;1545,37
5086;1499,36
5087;1479,37
5088;1481,43
5089;1507,29
5090;1524,24
5091;1510,16
5092;1467,33
5093;1520,48
5094;1537,33
5095;1485,23
5096;1534,22
5097;1446,53
5098;1528,39
5099;1483,97
5100;1509,22
5101;1514,79
5102;1517,29
5103;1523,90
5104;1516,55
5105;1478,63
5106;1464,55
5107;1485,45
5108;1525,53
5109;1509,11
5110;1492,50
5111;1480,41
5112;1547,99
5113;1483,45
5114;1512,59
5115;1552,49
5116;1539,00
5117;1536,72
5118;1503,44
5119;1493,63
5120;1507,62
5121;1513,90
5122;1480,75
5123;1472,48
5124;1479,14
5125;1478,21
5126;1537,23
5127;1532,32
5128;1458,53
5129;1497,89
5130;1509,25
5131;1535,80
5132;1479,13
5133;1500,43
5134;1497,72
5135;1504,82
5136;1463,07
5137;1514,54
5138;1502,56
5139;1532,68
5140;1485,88
5141;1480,94
5142;1491,77
5143;1516,31
5144;1502,64
5145;1480,69
5146;1531,49
5147;1474,61
5148;1485,43
5149;1487,56
5150;1526,02
5151;1511,89
5152;1486,14
5153;1498,63
5154;1523,66
5155;1509,90
5156;1503,91
5157;1504,11
5158;1534,15
5159;1479,91
5160;1528,60
5161;1541,84
5162;1527,79
5163;1526,27
5164;1468,26
5165;1482,72
5166;1487,45
5167;1519,27
5168;1475,71
5169;1515,12
5170;1491,60
5171;1485,59
5172;1485,08
5173;1511,06
5174;1512,94
5175;1506,00
5176;1517,99
5177;1514,17
5178;1475,67
5179;1483,83
5180;1537,46
5181;1508,40
5182;1478,11
5183;1503,12
5184;1481,89
5185;1526,75
5186;1478,28
5187;1502,88
5188;1482,51
5189;1495,73
5190;1493,81
5191;1509,81
5192;1493,46
5193;1488,66
5194;1526,94
5195;1528,60
5196;1534,33
5197;1517,49
5198;1478,00
5199;1497,24
5200;1502,20
5201;1474,93
5202;1494,19
5203;1483,58
5204;1502,84
5205;1504,13
5206;1514,66
5207;1522,02
5208;1466,29
5209;1508,46
5210;1485,39
5211;1497,89
5212;1491,06
5213;1496,97
5214;1508,95
5215;1485,50
5216;1499,63
5217;1506,19
5218;1496,10
5219;1516,03
5220;1496,94
5221;1489,00
5222;1531,08
5223;1495,89
5224;1470,70
5225;1494,95
5226;1520,90
5227;1518,22
5228;1501,08
5229;1480,14
5230;1494,26
5231;1483,88
5232;1561,56
5233;1534,64
5234;1474,26
5235;1482,78
5236;1455,46
5237;1489,27
5238;1480,71
5239;1510,33
5240;1481,60
5241;1533,97
5242;1500,29
5243;1524,35
5244;1456,63
5245;1477,84
5246;1482,07
5247;1485,74
5248;1506,26
5249;1474,35
5250;1497,85
5251;1490,37
5252;1478,81
5253;1526,59
5254;1419,77
5255;1459,40
5256;1501,51
5257;1477,90
5258;1480,76
5259;1464,94
5260;1499,05
5261;1502,64
5262;1507,53
5263;1506,65
5264;1494,79
5265;1521,03
5266;1517,84
5267;1522,97
5268;1501,31
5269;1520,75
5270;1527,57
5271;1488,97
5272;1514,05
5273;1466,34
5274;1476,65
5275;1491,73
5276;1509,32
5277;1474,91
5278;1480,81
5279;1417,91
5280;1494,97
5281;1532,28
5282;1507,46
5283;1499,55
5284;1436,03
5285;1493,93
5286;1498,01
5287;1452,48
5288;1521,39
5289;1487,47
5290;1496,16
5291;1514,85
5292;1485,35
5293;1477,40
5294;1523,54
5295;1490,89
5296;1465,69
5297;1529,35
5298;1491,33
5299;1475,89
5300;1533,02
5301;1467,31
5302;1521,94
5303;1514,84
5304;1486,22
5305;1500,09
5306;1511,93
5307;1486,24
5308;1473,82
5309;1480,41
5310;1481,34
5311;1520,61
5312;1536,94
5313;1495,25
5314;1462,55
5315;1470,26
5316;1507,65
5317;1517,77
5318;1469,60
5319;1506,98
5320;1484,81
5321;1522,11
5322;1484,59
5323;1481,01
5324;1483,50
5325;1498,55
5326;1500,79
5327;1493,84
5328;1494,68
5329;1531,71
5330;1511,83
5331;1490,67
5332;1501,58
5333;1500,45
5334;1484,91
5335;1471,18
5336;1496,20
5337;1502,88
5338;1462,18
5339;1447,58
5340;1508,09
5341;1490,86
5342;1475,95
5343;1531,25
5344;1484,01
5345;1539,95
5346;1527,93
5347;1480,32
5348;1512,24
5349;1499,48
5350;1502,43
5351;1461,48
5352;1490,83
5353;1500,47
5354;1509,95
5355;1497,61
5356;1472,55
5357;1488,31
5358;1484,96
5359;1555,85
5360;1510,72
5361;1514,24
5362;1507,59
5363;1506,77
5364;1518,21
5365;1531,05
5366;1508,41
5367;1500,20
5368;1499,10
5369;1487,22
5370;1515,13
5371;1440,03
5372;1481,67
5373;1477,15
5374;1468,29
5375;1496,22
5376;1490,45
5377;1486,16
5378;1480,79
5379;1484,95
5380;1556,59
5381;1487,20
5382;1483,66
5383;1476,88
5384;1486,34
5385;1478,81
5386;1483,05
5387;1484,04
5388;1542,26
5389;1518,89
5390;1508,14
5391;1537,06
5392;1476,95
5393;1542,76
5394;1517,79
5395;1478,98
5396;1507,27
5397;1539,66
5398;1490,65
5399;1488,01
5400;1485,47
5401;1470,65
5402;1499,75
5403;1513,89
5404;1485,37
5405;1492,52
5406;1485,61
5407;1484,67
5408;1492,55
5409;1510,26
5410;1512,66
5411;1460,16
5412;1485,85
5413;1487,76
5414;1495,07
5415;1461,28
5416;1532,37
5417;1483,49
5418;1487,51
5419;1504,02
5420;1489,93
5421;1532,57
5422;1452,90
5423;1496,04
5424;1509,30
5425;1497,81
5426;1499,27
5427;1506,04
5428;1499,83
5429;1531,42
5430;1489,40
5431;1474,75
5432;1513,68
5433;1501,85
5434;1516,10
5435;1530,44
5436;1528,38
5437;1530,27
5438;1481,98
5439;1457,13
5440;1537,44
5441;1536,66
5442;1468,94
5443;1513,30
5444;1555,55
5445;1461,10
5446;1464,08
5447;1499,51
5448;1489,70
5449;1494,21
5450;1514,35
5451;1533,52
5452;1480,12
5453;1463,59
5454;1491,59
5455;1521,42
5456;1492,00
5457;1533,57
5458;1494,61
5459;1507,26
5460;1527,87
5461;1518,86
5462;1500,42
5463;1541,76
5464;1473,09
5465;1494,83
5466;1475,66
5467;1504,50
5468;1493,31
5469;1459,86
5470;1492,28
5471;1491,83
5472;1529,20
5473;1506,16
5474;1516,71
5475;1514,40
5476;1469,10
5477;1497,17
5478;1502,86
5479;1466,01
5480;1457,44
5481;1494,62
5482;1475,17
5483;1518,54
5484;1536,03
5485;1490,00
5486;1494,86
5487;1507,25
5488;1513,22
5489;1489,92
5490;1462,61
5491;1488,28
5492;1498,11
5493;1484,92
5494;1459,15
5495;1531,78
5496;1500,64
5497;1473,70
5498;1558,25
5499;1496,87
5500;1430,16
5501;1490,89
5502;1496,44
5503;1496,46
5504;1489,14
5505;1481,85
5506;1541,17
5507;1529,93
5508;1473,72
5509;1515,18
5510;1502,74
5511;1497,49
5512;1476,28
5513;1519,78
5514;1520,94
5515;1498,90
5516;1473,59
5517;1521,40
5518;1507,65
5519;1473,00
5520;1542,75
5521;1470,56
5522;1503,87
5523;1488,05
5524;1521,50
5525;1474,30
5526;1502,10
5527;1505,40
5528;1478,94
5529;1532,56
5530;1509,89
5531;1468,77
5532;1507,26
5533;1467,69
5534;1491,74
5535;1441,77
5536;1502,41
5537;1489,90
5538;1486,44
5539;1476,99
5540;1492,69
5541;1477,62
5542;1486,25
5543;1523,68
5544;1468,14
5545;1495,81
5546;1477,36
5547;1525,74
5548;1548,83
5549;1508,41
5550;1503,67
5551;1505,26
5552;1499,13
5553;1463,50
5554;1464,13
5555;1504,80
5556;1507,06
5557;1480,91
5558;1471,95
5559;1520,18
5560;1500,05
5561;1510,76
5562;1525,87
5563;1484,48
5564;1541,47
5565;1479,08
5566;1486,08
5567;1492,59
5568;1524,35
5569;1493,68
5570;1506,83
5571;1462,07
5572;1458,74
5573;1472,09
5574;1499,45
5575;1462,18
5576;1476,51
5577;1485,93
5578;1506,93
5579;1477,30
5580;1488,91
5581;1465,17
5582;1538,01
5583;1524,19
5584;1531,58
5585;1492,39
5586;1484,39
5587;1491,19
5588;1463,01
5589;1499,33
5590;1540,39
5591;1495,64
5592;1509,80
5593;1509,05
5594;1462,65
5595;1511,37
5596;1544,17
5597;1480,56
5598;1475,53
5599;1478,40
5600;1520,67
5601;1479,64
5602;1487,85
5603;1482,77
5604;1524,30
5605;1495,65
5606;1519,31
5607;1514,26
5608;1500,99
5609;1517,61
5610;1497,18
5611;1529,60
5612;1494,67
5613;1492,51
5614;1481,03
5615;1501,38
5616;1487,60
5617;1446,05
5618;1499,05
5619;1478,04
5620;1486,19
5621;1459,87
5622;1531,26
5623;1493,05
5624;1520,53
5625;1505,75
5626;1489,60
5627;1470,81
5628;1502,15
5629;1458,76
5630;1501,33
5631;1506,84
5632;1545,25
5633;1497,29
5634;1551,39
5635;1526,31
5636;1497,86
5637;1484,37
5638;1510,30
5639;1495,70
5640;1523,37
5641;1503,11
5642;1491,59
5643;1479,16
5644;1485,45
5645;1501,38
5646;1496,05
5647;1512,60
5648;1503,27
5649;1499,72
5650;1459,17
5651;1495,52
5652;1428,44
5653;1470,83
5654;1491,53
5655;1504,73
5656;1504,55
5657;1508,53
5658;1515,58
5659;1525,49
5660;1466,38
5661;1505,15
5662;1504,16
5663;1496,38
5664;1475,86
5665;1473,60
5666;1512,13
5667;1469,24
5668;1450,37
5669;1458,45
5670;1500,15
5671;1511,52
5672;1539,18
5673;1528,15
5674;1495,63
5675;1475,12
5676;1456,23
5677;1486,00
5678;1493,69
5679;1490,58
5680;1540,53
5681;1493,09
5682;1522,39
5683;1493,43
5684;1536,47
5685;1479,76
5686;1510,50
5687;1505,10
5688;1496,65
5689;1502,26
5690;1535,62
5691;1501,33
5692;1459,29
5693;1463,27
5694;1477,66
5695;1507,33
5696;1513,08
5697;1500,51
5698;1506,27
5699;1495,79
5700;1495,23
5701;1506,82
5702;1442,07
5703;1498,11
5704;1528,93
5705;1461,54
5706;1486,45
5707;1505,24
5708;1499,51
5709;1499,90
5710;1465,86
5711;1475,72
5712;1477,35
5713;1505,11
5714;1494,54
5715;1466,75
5716;1506,97
5717;1485,37
5718;1479,88
5719;1520,50
5720;1521,84
5721;1519,68
5722;1501,78
5723;1497,64
5724;1491,70
5725;1462,74
5726;1463,70
5727;1471,28
5728;1492,64
5729;1489,55
5730;1544,13
5731;1498,07
5732;1502,78
5733;1500,58
5734;1476,49
5735;1509,43
5736;1512,77
5737;1555,43
5738;1514,82
5739;1495,92
5740;1456,98
5741;1516,50
5742;1495,41
5743;1494,57
5744;1498,82
5745;1480,26
5746;1504,75
5747;1496,97
5748;1474,33
5749;1495,42
5750;1512,72
5751;1470,39
5752;1484,38
5753;1459,34
5754;1475,36
5755;1512,69
5756;1499,64
5757;1528,17
5758;1500,17
5759;1500,48
5760;1488,90
5761;1510,25
5762;1491,56
5763;1519,61
5764;1503,67
5765;1518,41
5766;1516,56
5767;1547,42
5768;1530,40
5769;1469,61
5770;1491,26
5771;1498,35
5772;1487,25
5773;1504,07
5774;1461,94
5775;1504,25
5776;1493,10
5777;1482,99
5778;1489,64
5779;1458,87
5780;1521,34
5781;1543,28
5782;1495,28
5783;1514,09
5784;1477,38
5785;1487,43
5786;1495,79
5787;1476,24
5788;1505,40
5789;1480,53
5790;1556,78
5791;1462,81
5792;1450,71
5793;1469,50
5794;1468,51
5795;1494,72
5796;1512,22
5797;1514,11
5798;1493,38
5799;1505,89
5800;1494,65
5801;1446,25
5802;1524,80
5803;1487,23
5804;1510,49
5805;1578,85
5806;1489,21
5807;1557,36
5808;1508,80
5809;1497,63
5810;1496,01
5811;1478,10
5812;1527,42
5813;1555,23
5814;1482,14
5815;1500,42
5816;1466,67
5817;1483,08
5818;1485,07
5819;1472,37
5820;1473,44
5821;1504,33
5822;1472,81
5823;1474,75
5824;1456,30
5825;1531,19
5826;1470,66
5827;1506,62
5828;1514,45
5829;1547,03
5830;1578,66
5831;1477,48
5832;1504,02
5833;1517,64
5834;1496,79
5835;1504,13
5836;1536,96
5837;1556,16
5838;1543,75
5839;1530,03
5840;1497,85
5841;1482,68
5842;1481,84
5843;1486,96
5844;1491,43
5845;1547,49
5846;1546,43
5847;1487,32
5848;1490,47
5849;1481,98
5850;1457,60
5851;1558,24
5852;1516,37
5853;1506,37
5854;1475,15
5855;1472,47
5856;1531,65
5857;1482,94
5858;1494,36
5859;1493,88
5860;1520,22
5861;1494,60
5862;1468,71
5863;1490,98
5864;1481,07
5865;1489,20
5866;1502,18
5867;1506,22
5868;1526,07
5869;1481,99
5870;1501,94
5871;1508,10
5872;1493,95
5873;1497,85
5874;1517,32
5875;1453,51
5876;1478,41
5877;1526,37
5878;1485,33
5879;1498,83
5880;1523,79
5881;1569,82
5882;1531,13
5883;1480,10
5884;1444,90
5885;1521,32
5886;1475,69
5887;1517,50
5888;1476,31
5889;1498,22
5890;1536,19
5891;1470,29
5892;1544,92
5893;1495,27
5894;1463,20
5895;1548,11
5896;1476,32
5897;1528,10
5898;1524,12
5899;1526,85
5900;1502,74
5901;1508,31
5902;1483,17
5903;1527,13
5904;1520,75
5905;1484,45
5906;1501,11
5907;1464,82
5908;1512,23
5909;1535,49
5910;1503,08
5911;1485,69
5912;1483,45
5913;1539,32
5914;1497,03
5915;1483,48
5916;1457,78
5917;1490,05
5918;1490,61
5919;1504,65
5920;1491,36
5921;1477,60
5922;1495,56
5923;1451,17
5924;1496,65
5925;1524,03
5926;1508,32
5927;1550,64
5928;1454,66
5929;1498,64
5930;1561,22
5931;1461,52
5932;1492,80
5933;1500,94
5934;1464,75
5935;1511,15
5936;1518,38
5937;1520,57
5938;1493,80
5939;1513,21
5940;1461,92
5941;1515,62
5942;1481,66
5943;1518,65
5944;1491,95
5945;1529,96
5946;1488,29
5947;1529,11
5948;1517,51
5949;1503,62
5950;1534,81
5951;1463,40
5952;1487,44
5953;1484,86
5954;1484,85
5955;1510,27
5956;1458,68
5957;1496,95
5958;1484,31
5959;1467,05
5960;1511,58
5961;1501,41
5962;1497,72
5963;1551,77
5964;1517,57
5965;1548,98
5966;1514,80
5967;1465,44
5968;1512,00
5969;1519,48
5970;1510,88
5971;1496,50
5972;1511,24
5973;1529,51
5974;1507,89
5975;1519,47
5976;1456,01
5977;1531,40
5978;1494,90
5979;1510,28
5980;1481,74
5981;1529,72
5982;1485,81
5983;1505,68
5984;1459,22
5985;1452,24
5986;1485,96
5987;1520,04
5988;1519,43
5989;1499,13
5990;1524,71
5991;1509,69
5992;1526,18
5993;1535,94
5994;1499,29
5995;1489,11
5996;1493,94
5997;1484,16
5998;1493,42
5999;1494,21
